date,open,high,low,close,volume,count,capital,ID,name,market
2015-10-12,77.0,77.0,69.5,70.0,1758106,941,129893115,4557,永新-KY,exchange
2015-10-13,69.5,72.9,68.2,71.5,1092194,664,77847371,4557,永新-KY,exchange
2015-10-14,70.8,71.9,70.7,71.3,389000,273,27705400,4557,永新-KY,exchange
2015-10-15,71.3,73.6,71.3,71.6,668531,441,48293432,4557,永新-KY,exchange
2015-10-16,71.7,71.7,70.4,70.5,532169,344,37815614,4557,永新-KY,exchange
2015-10-19,70.5,71.8,70.1,70.8,261020,193,18469718,4557,永新-KY,exchange
2015-10-20,71.0,74.3,71.0,72.2,855000,558,62178600,4557,永新-KY,exchange
2015-10-21,72.0,72.0,69.8,70.3,559000,404,39508700,4557,永新-KY,exchange
2015-10-22,70.3,72.8,70.3,71.8,1063000,520,76332900,4557,永新-KY,exchange
2015-10-23,71.8,72.9,70.8,71.1,601152,396,43025230,4557,永新-KY,exchange
2015-10-26,71.9,73.8,71.6,73.2,698180,521,50878894,4557,永新-KY,exchange
2015-10-27,72.6,72.6,71.1,71.5,532127,356,38130792,4557,永新-KY,exchange
2015-10-28,71.5,72.5,71.1,71.6,318000,209,22796800,4557,永新-KY,exchange
2015-10-29,72.0,72.2,71.0,71.0,201000,138,14344700,4557,永新-KY,exchange
2015-10-30,71.0,72.0,70.5,71.1,312000,185,22218300,4557,永新-KY,exchange
2015-11-02,71.5,78.2,71.5,78.2,2205409,1303,167536883,4557,永新-KY,exchange
2015-11-03,80.5,86.0,79.0,85.6,2903825,2080,239371220,4557,永新-KY,exchange
2015-11-04,82.1,87.9,82.1,84.8,1682515,1266,142514075,4557,永新-KY,exchange
2015-11-05,84.8,87.0,83.2,85.4,758000,563,64569100,4557,永新-KY,exchange
2015-11-06,86.2,86.2,83.2,83.8,473000,370,39774600,4557,永新-KY,exchange
2015-11-09,83.8,83.8,77.7,78.2,837200,619,66568500,4557,永新-KY,exchange
2015-11-10,77.7,81.7,75.2,79.0,541000,423,42763400,4557,永新-KY,exchange
2015-11-11,78.0,78.8,75.3,75.3,569020,409,43657913,4557,永新-KY,exchange
2015-11-12,75.3,76.5,72.3,74.2,352000,252,26041100,4557,永新-KY,exchange
2015-11-13,74.5,78.2,74.2,76.4,404008,302,30839916,4557,永新-KY,exchange
2015-11-16,74.5,75.7,74.2,74.9,297003,234,22180236,4557,永新-KY,exchange
2015-11-17,75.6,82.3,75.6,82.3,1414009,888,114295333,4557,永新-KY,exchange
2015-11-18,81.8,81.8,79.0,80.0,795045,618,63791590,4557,永新-KY,exchange
2015-11-19,80.2,86.4,79.3,83.0,1121265,867,92647460,4557,永新-KY,exchange
2015-11-20,83.3,86.6,82.0,85.0,1169079,934,99443421,4557,永新-KY,exchange
2015-11-23,85.3,85.7,83.0,83.0,565300,446,47413449,4557,永新-KY,exchange
2015-11-24,83.1,84.0,80.0,80.7,654217,515,53425854,4557,永新-KY,exchange
2015-11-25,80.6,82.0,78.2,81.0,384000,309,30766200,4557,永新-KY,exchange
2015-11-26,81.1,81.5,78.8,79.1,438010,356,34986101,4557,永新-KY,exchange
2015-11-27,79.1,79.6,77.9,78.1,180000,142,14118800,4557,永新-KY,exchange
2015-11-30,77.5,77.6,75.5,75.6,281000,228,21418600,4557,永新-KY,exchange
2015-12-01,76.0,78.5,76.0,76.8,268010,230,20702362,4557,永新-KY,exchange
2015-12-02,76.9,79.5,76.9,77.6,291000,259,22713600,4557,永新-KY,exchange
2015-12-03,77.6,78.7,77.1,77.7,143000,123,11117200,4557,永新-KY,exchange
2015-12-04,77.1,77.3,76.1,76.7,123000,92,9451700,4557,永新-KY,exchange
2015-12-07,77.6,77.6,75.8,75.8,309111,223,23566613,4557,永新-KY,exchange
2015-12-08,75.6,77.6,75.6,76.0,167012,136,12788594,4557,永新-KY,exchange
2015-12-09,76.0,76.0,71.0,73.0,305001,233,22357874,4557,永新-KY,exchange
2015-12-10,73.0,73.0,71.2,72.2,198000,157,14241300,4557,永新-KY,exchange
2015-12-11,72.0,72.8,71.2,71.2,253100,156,18116438,4557,永新-KY,exchange
2015-12-14,70.1,71.0,69.2,70.2,138010,97,9699403,4557,永新-KY,exchange
2015-12-15,70.2,71.7,70.0,70.3,180210,139,12653957,4557,永新-KY,exchange
2015-12-16,70.3,71.7,70.0,71.2,102209,95,7234043,4557,永新-KY,exchange
2015-12-17,71.5,74.4,71.5,72.0,203000,166,14859200,4557,永新-KY,exchange
2015-12-18,71.8,72.5,70.8,71.5,133009,102,9541148,4557,永新-KY,exchange
2015-12-21,71.5,72.5,71.2,72.5,115013,94,8285932,4557,永新-KY,exchange
2015-12-22,72.5,73.1,71.8,71.9,82012,71,5938671,4557,永新-KY,exchange
2015-12-23,72.0,72.0,71.3,71.4,68002,53,4871145,4557,永新-KY,exchange
2015-12-24,72.7,72.7,70.1,70.4,86200,70,6109260,4557,永新-KY,exchange
2015-12-25,70.9,71.6,70.2,70.8,78000,62,5520100,4557,永新-KY,exchange
2015-12-28,70.3,72.0,70.3,70.9,132100,75,9399280,4557,永新-KY,exchange
2015-12-29,71.0,71.5,71.0,71.5,54000,41,3847700,4557,永新-KY,exchange
2015-12-30,71.5,75.0,71.4,75.0,320010,259,23573170,4557,永新-KY,exchange
2015-12-31,75.0,75.7,73.2,75.0,198000,134,14791100,4557,永新-KY,exchange
2016-01-04,74.1,74.1,71.2,72.8,142069,99,10342616,4557,永新-KY,exchange
2016-01-05,73.4,73.9,72.1,72.3,103010,84,7526400,4557,永新-KY,exchange
2016-01-06,71.4,72.2,71.1,71.1,104001,77,7440071,4557,永新-KY,exchange
2016-01-07,71.8,71.9,69.0,69.6,169018,113,11887207,4557,永新-KY,exchange
2016-01-08,69.6,71.8,69.6,71.6,70000,60,4963900,4557,永新-KY,exchange
2016-01-11,71.5,73.0,70.1,72.0,116200,93,8335000,4557,永新-KY,exchange
2016-01-12,72.0,73.1,71.3,72.7,177604,130,12859548,4557,永新-KY,exchange
2016-01-13,72.7,72.9,71.7,72.9,91000,66,6588500,4557,永新-KY,exchange
2016-01-14,71.6,72.2,70.3,72.2,84010,69,5994824,4557,永新-KY,exchange
2016-01-15,71.2,73.2,71.0,71.6,157001,77,11250871,4557,永新-KY,exchange
2016-01-18,71.2,72.1,71.0,72.1,124010,73,8875422,4557,永新-KY,exchange
2016-01-19,72.0,72.2,71.3,72.2,130000,81,9315600,4557,永新-KY,exchange
2016-01-20,71.7,71.8,70.0,71.0,93001,65,6605571,4557,永新-KY,exchange
2016-01-21,70.5,71.0,70.0,71.0,98100,65,6921500,4557,永新-KY,exchange
2016-01-22,71.4,71.4,70.3,70.3,87001,59,6135870,4557,永新-KY,exchange
2016-01-25,70.2,72.2,70.2,72.0,260000,146,18547800,4557,永新-KY,exchange
2016-01-26,71.8,72.6,71.2,72.2,127000,75,9167300,4557,永新-KY,exchange
2016-01-27,72.8,72.8,71.3,72.0,61000,38,4384800,4557,永新-KY,exchange
2016-01-28,71.5,72.3,71.5,72.0,64000,30,4605600,4557,永新-KY,exchange
2016-01-29,72.0,72.6,71.9,72.5,94000,43,6776300,4557,永新-KY,exchange
2016-01-30,72.6,72.8,72.0,72.0,144000,39,10378400,4557,永新-KY,exchange
2016-02-01,72.8,72.8,72.0,72.1,24080,19,1736684,4557,永新-KY,exchange
2016-02-02,72.0,72.2,71.9,72.0,52000,31,3745000,4557,永新-KY,exchange
2016-02-03,71.4,71.9,71.4,71.8,123002,44,8820543,4557,永新-KY,exchange
2016-02-15,71.8,71.8,71.3,71.5,206002,53,14737843,4557,永新-KY,exchange
2016-02-16,71.8,72.6,71.5,71.7,187070,77,13469419,4557,永新-KY,exchange
2016-02-17,72.6,76.8,72.0,75.0,317037,258,23835875,4557,永新-KY,exchange
2016-02-18,74.8,76.0,74.1,74.9,125000,109,9352000,4557,永新-KY,exchange
2016-02-19,74.9,74.9,74.0,74.5,69002,56,5133149,4557,永新-KY,exchange
2016-02-22,74.5,74.5,73.0,73.7,61000,51,4497000,4557,永新-KY,exchange
2016-02-23,73.6,78.3,73.6,75.3,233000,172,17650500,4557,永新-KY,exchange
2016-02-24,74.7,75.9,73.7,73.7,107037,93,8000026,4557,永新-KY,exchange
2016-02-25,74.3,74.3,72.8,73.8,93000,73,6854000,4557,永新-KY,exchange
2016-02-26,74.0,74.1,73.2,73.7,25100,23,1844170,4557,永新-KY,exchange
2016-03-01,73.7,76.4,73.6,75.2,177002,139,13246451,4557,永新-KY,exchange
2016-03-02,75.0,75.8,74.9,75.2,107000,87,8053800,4557,永新-KY,exchange
2016-03-03,75.8,82.0,75.8,81.7,1118300,776,88784910,4557,永新-KY,exchange
2016-03-04,81.0,81.0,78.7,79.2,529100,414,42143468,4557,永新-KY,exchange
2016-03-07,79.7,80.0,76.2,76.3,262092,211,20397528,4557,永新-KY,exchange
2016-03-08,76.5,77.6,75.6,76.3,233000,164,17862600,4557,永新-KY,exchange
2016-03-09,76.3,77.0,75.8,76.3,139000,105,10596400,4557,永新-KY,exchange
2016-03-10,75.9,76.7,75.0,76.3,179014,150,13499164,4557,永新-KY,exchange
2016-03-11,76.3,76.3,75.2,75.4,96170,241,7251934,4557,永新-KY,exchange
2016-03-14,75.4,78.8,75.4,76.1,226078,222,17353528,4557,永新-KY,exchange
2016-03-15,76.1,76.1,73.3,74.1,200100,229,14868607,4557,永新-KY,exchange
2016-03-16,74.1,74.7,73.6,73.8,90026,88,6661724,4557,永新-KY,exchange
2016-03-17,74.0,74.7,73.0,73.0,142039,120,10456584,4557,永新-KY,exchange
2016-03-18,73.1,73.8,73.1,73.2,59018,63,4329168,4557,永新-KY,exchange
2016-03-21,73.2,74.6,73.1,74.5,45108,144,3334112,4557,永新-KY,exchange
2016-03-22,74.5,74.5,73.0,73.3,88050,113,6467600,4557,永新-KY,exchange
2016-03-23,73.3,73.9,73.3,73.3,31018,44,2276650,4557,永新-KY,exchange
2016-03-24,73.1,73.3,71.8,72.5,53037,88,3836223,4557,永新-KY,exchange
2016-03-25,72.1,73.1,72.1,72.8,29001,22,2107878,4557,永新-KY,exchange
2016-03-28,72.8,73.0,72.3,73.0,42116,143,3056152,4557,永新-KY,exchange
2016-03-29,73.0,73.0,70.0,71.0,183004,110,13032785,4557,永新-KY,exchange
2016-03-30,72.5,74.8,72.5,74.3,202202,152,14944768,4557,永新-KY,exchange
2016-03-31,75.0,76.0,73.6,75.3,176402,157,13226050,4557,永新-KY,exchange
2016-04-01,75.1,76.8,74.1,76.8,146263,155,11076759,4557,永新-KY,exchange
2016-04-06,77.9,77.9,76.0,77.0,255105,181,19589539,4557,永新-KY,exchange
2016-04-07,77.1,77.1,75.1,75.9,130200,105,9920778,4557,永新-KY,exchange
2016-04-08,77.4,77.4,76.0,76.1,76195,55,5831781,4557,永新-KY,exchange
2016-04-11,76.4,76.9,75.0,75.1,114170,83,8653501,4557,永新-KY,exchange
2016-04-12,75.2,75.2,74.3,74.5,55063,88,4111576,4557,永新-KY,exchange
2016-04-13,74.1,75.3,74.1,74.6,61166,63,4576173,4557,永新-KY,exchange
2016-04-14,75.1,77.1,74.7,76.2,156021,127,11802696,4557,永新-KY,exchange
2016-04-15,76.9,76.9,75.7,76.6,75110,68,5722891,4557,永新-KY,exchange
2016-04-18,76.7,76.7,75.9,76.5,60051,74,4571627,4557,永新-KY,exchange
2016-04-19,78.1,83.0,78.1,80.9,1944630,1395,157332553,4557,永新-KY,exchange
2016-04-20,80.9,83.5,80.0,80.2,1143076,926,93636456,4557,永新-KY,exchange
2016-04-21,80.0,82.4,79.7,80.2,655299,523,53128320,4557,永新-KY,exchange
2016-04-22,80.2,80.5,76.1,77.6,475025,371,37228600,4557,永新-KY,exchange
2016-04-25,77.6,77.7,75.5,76.3,418005,161,30573890,4557,永新-KY,exchange
2016-04-26,77.2,78.8,76.7,76.7,494001,225,36632882,4557,永新-KY,exchange
2016-04-27,76.4,76.8,74.7,75.0,392016,258,29654116,4557,永新-KY,exchange
2016-04-28,75.3,75.4,73.8,74.3,495007,136,35520125,4557,永新-KY,exchange
2016-04-29,74.0,74.1,73.4,73.9,116100,96,8559400,4557,永新-KY,exchange
2016-05-03,73.9,73.9,72.4,72.9,113214,72,8254022,4557,永新-KY,exchange
2016-05-04,72.7,73.7,72.0,72.7,77014,67,5623324,4557,永新-KY,exchange
2016-05-05,73.3,75.0,72.5,73.8,101172,76,7414642,4557,永新-KY,exchange
2016-05-06,74.5,74.5,72.8,73.3,78500,73,5776897,4557,永新-KY,exchange
2016-05-09,73.5,73.5,72.5,72.6,76124,48,5551001,4557,永新-KY,exchange
2016-05-10,73.0,74.8,73.0,74.0,165100,121,12211100,4557,永新-KY,exchange
2016-05-11,75.0,75.2,73.9,73.9,176003,131,13074319,4557,永新-KY,exchange
2016-05-12,73.9,73.9,71.1,71.9,220010,145,16080420,4557,永新-KY,exchange
2016-05-13,71.9,75.0,71.9,74.0,117200,84,8562700,4557,永新-KY,exchange
2016-05-16,74.0,74.0,72.1,72.8,50005,38,3642267,4557,永新-KY,exchange
2016-05-17,72.8,74.0,72.8,73.2,95000,68,6960800,4557,永新-KY,exchange
2016-05-18,72.9,73.4,72.6,73.0,67000,49,4880400,4557,永新-KY,exchange
2016-05-19,73.1,73.3,72.0,72.8,87001,62,6303373,4557,永新-KY,exchange
2016-05-20,72.8,73.0,71.5,73.0,81001,50,5841673,4557,永新-KY,exchange
2016-05-23,73.0,76.3,72.5,74.8,400001,115,28626275,4557,永新-KY,exchange
2016-05-24,74.8,75.4,73.9,75.0,50001,47,3738875,4557,永新-KY,exchange
2016-05-25,75.0,76.2,74.3,75.6,264000,178,19958600,4557,永新-KY,exchange
2016-05-26,75.6,76.8,75.6,76.0,112011,85,8520943,4557,永新-KY,exchange
2016-05-27,76.6,77.2,75.7,76.7,218003,156,16686231,4557,永新-KY,exchange
2016-05-30,78.0,79.0,77.1,77.5,388002,270,30162356,4557,永新-KY,exchange
2016-05-31,77.5,78.0,76.8,77.0,227001,158,17554877,4557,永新-KY,exchange
2016-06-01,77.0,77.5,76.9,76.9,126001,105,9730776,4557,永新-KY,exchange
2016-06-02,76.9,77.5,76.0,76.0,625099,87,44909873,4557,永新-KY,exchange
2016-06-03,76.8,76.9,75.3,75.5,172000,121,13016600,4557,永新-KY,exchange
2016-06-04,76.0,76.0,75.4,76.0,44001,38,3332676,4557,永新-KY,exchange
2016-06-06,76.0,76.3,75.9,76.2,110007,92,8372632,4557,永新-KY,exchange
2016-06-07,76.5,77.6,76.5,77.6,168105,142,12989447,4557,永新-KY,exchange
2016-06-08,77.9,77.9,76.1,77.0,171009,124,13208499,4557,永新-KY,exchange
2016-06-13,77.7,78.5,77.2,78.2,339019,248,26362394,4557,永新-KY,exchange
2016-06-14,78.4,78.4,77.0,77.0,630187,214,46977386,4557,永新-KY,exchange
2016-06-15,77.0,78.3,76.7,77.8,258060,192,20052797,4557,永新-KY,exchange
2016-06-16,78.4,78.4,77.3,77.4,332062,246,25859566,4557,永新-KY,exchange
2016-06-17,78.0,78.5,77.6,78.0,547109,375,42662997,4557,永新-KY,exchange
2016-06-20,73.2,73.3,72.4,72.4,449005,320,32698475,4557,永新-KY,exchange
2016-06-21,73.0,73.0,71.9,72.4,276000,178,19941700,4557,永新-KY,exchange
2016-06-22,72.6,72.6,71.9,72.0,167392,115,12082826,4557,永新-KY,exchange
2016-06-23,72.0,72.1,71.5,71.9,128273,104,9209426,4557,永新-KY,exchange
2016-06-24,71.9,72.2,69.5,71.2,298000,203,21055700,4557,永新-KY,exchange
2016-06-27,71.2,71.2,70.5,70.7,69002,53,4887250,4557,永新-KY,exchange
2016-06-28,70.7,71.0,69.4,70.5,90000,66,6349700,4557,永新-KY,exchange
2016-06-29,70.9,71.2,70.7,70.8,59000,48,4183900,4557,永新-KY,exchange
2016-06-30,71.7,72.5,70.9,71.2,114007,91,8157418,4557,永新-KY,exchange
2016-07-01,71.3,71.8,70.8,71.2,80000,55,5697000,4557,永新-KY,exchange
2016-07-04,71.2,71.6,71.0,71.1,91001,52,6479973,4557,永新-KY,exchange
2016-07-05,70.8,71.0,70.7,70.7,41002,37,2902248,4557,永新-KY,exchange
2016-07-06,70.7,70.7,70.2,70.2,59046,44,4156166,4557,永新-KY,exchange
2016-07-07,71.5,71.5,69.6,70.8,128001,86,8956474,4557,永新-KY,exchange
2016-07-11,70.5,70.5,69.3,69.3,275002,174,19137650,4557,永新-KY,exchange
2016-07-12,69.3,69.3,68.0,68.1,152141,109,10400629,4557,永新-KY,exchange
2016-07-13,68.2,69.0,67.0,68.0,230002,119,15589844,4557,永新-KY,exchange
2016-07-14,67.5,68.8,67.5,68.7,90002,56,6130440,4557,永新-KY,exchange
2016-07-15,68.7,69.2,67.9,68.2,71000,60,4870700,4557,永新-KY,exchange
2016-07-18,68.0,69.3,67.9,69.3,61068,56,4195587,4557,永新-KY,exchange
2016-07-19,69.6,69.6,68.7,69.1,93001,59,6420469,4557,永新-KY,exchange
2016-07-20,69.0,69.2,68.4,68.5,88000,56,6053000,4557,永新-KY,exchange
2016-07-21,68.6,69.0,68.5,69.0,131001,89,8998372,4557,永新-KY,exchange
2016-07-22,69.0,69.0,67.5,67.8,82001,53,5574368,4557,永新-KY,exchange
2016-07-25,67.8,67.8,67.1,67.4,65003,56,4386916,4557,永新-KY,exchange
2016-07-26,68.3,68.3,67.4,67.6,59105,44,3993916,4557,永新-KY,exchange
2016-07-27,67.8,68.0,67.3,67.6,56001,45,3785871,4557,永新-KY,exchange
2016-07-28,67.5,68.1,67.5,67.8,71004,52,4820285,4557,永新-KY,exchange
2016-07-29,67.7,68.1,67.7,68.1,99006,47,6726227,4557,永新-KY,exchange
2016-08-01,68.2,68.4,67.7,68.2,27000,24,1836800,4557,永新-KY,exchange
2016-08-02,68.4,68.8,68.2,68.6,60005,55,4109545,4557,永新-KY,exchange
2016-08-03,68.6,68.7,68.2,68.5,43007,43,2944804,4557,永新-KY,exchange
2016-08-04,68.5,68.6,67.9,68.2,95010,64,6472182,4557,永新-KY,exchange
2016-08-05,68.6,69.4,68.1,69.2,93001,72,6381870,4557,永新-KY,exchange
2016-08-08,69.8,69.8,69.1,69.2,78113,79,5417945,4557,永新-KY,exchange
2016-08-09,69.2,70.2,69.0,70.1,115005,93,7987750,4557,永新-KY,exchange
2016-08-10,69.9,71.2,69.7,70.5,187609,146,13241533,4557,永新-KY,exchange
2016-08-11,71.9,72.9,71.0,71.6,479208,386,34446476,4557,永新-KY,exchange
2016-08-12,72.2,72.6,70.1,71.3,190299,169,13611714,4557,永新-KY,exchange
2016-08-15,72.1,72.6,70.6,72.4,535005,249,37172960,4557,永新-KY,exchange
2016-08-16,72.4,73.8,72.0,73.0,1145201,563,81644973,4557,永新-KY,exchange
2016-08-17,73.0,73.0,71.5,71.9,262260,179,18963268,4557,永新-KY,exchange
2016-08-18,71.9,72.4,71.7,72.3,306010,176,22035630,4557,永新-KY,exchange
2016-08-19,72.3,72.3,71.6,71.7,162256,133,11645332,4557,永新-KY,exchange
2016-08-22,72.0,72.0,70.6,70.6,97015,93,6885795,4557,永新-KY,exchange
2016-08-23,70.6,70.9,70.0,70.5,163007,111,11474297,4557,永新-KY,exchange
2016-08-24,70.6,70.6,69.7,70.0,111006,85,7775338,4557,永新-KY,exchange
2016-08-25,70.0,70.0,69.0,69.6,211717,172,14711290,4557,永新-KY,exchange
2016-08-26,69.9,71.9,69.9,70.7,237022,194,16840542,4557,永新-KY,exchange
2016-08-29,70.9,71.7,70.9,71.7,241056,186,17169695,4557,永新-KY,exchange
2016-08-30,71.8,71.8,70.9,70.9,183061,173,13023732,4557,永新-KY,exchange
2016-08-31,70.9,71.0,69.6,70.0,1023255,239,69555570,4557,永新-KY,exchange
2016-09-01,69.9,72.0,69.0,71.5,329002,245,23248644,4557,永新-KY,exchange
2016-09-02,71.5,73.0,71.0,71.0,901000,476,65008600,4557,永新-KY,exchange
2016-09-05,71.1,71.5,70.3,70.9,156693,118,11098296,4557,永新-KY,exchange
2016-09-06,71.0,72.4,71.0,71.9,251000,191,17990600,4557,永新-KY,exchange
2016-09-07,72.0,72.7,71.3,72.1,301000,197,21705500,4557,永新-KY,exchange
2016-09-08,72.5,73.3,72.2,72.4,371350,272,27013165,4557,永新-KY,exchange
2016-09-09,72.4,74.0,72.3,73.7,329081,274,24022818,4557,永新-KY,exchange
2016-09-10,71.0,71.3,69.8,71.0,533080,403,37631007,4557,永新-KY,exchange
2016-09-12,70.2,71.0,69.9,70.2,118627,106,8339644,4557,永新-KY,exchange
2016-09-13,70.5,70.6,69.4,69.6,136001,93,9495772,4557,永新-KY,exchange
2016-09-14,69.6,69.8,69.0,69.0,130000,85,9011700,4557,永新-KY,exchange
2016-09-19,69.2,70.4,69.2,69.3,105000,83,7306300,4557,永新-KY,exchange
2016-09-20,69.5,70.0,69.5,69.7,35400,29,2465800,4557,永新-KY,exchange
2016-09-21,69.8,70.4,69.8,70.3,47001,39,3292973,4557,永新-KY,exchange
2016-09-22,70.4,70.6,69.2,69.5,209000,150,14572300,4557,永新-KY,exchange
2016-09-23,69.7,70.1,69.6,69.8,74601,64,5214890,4557,永新-KY,exchange
2016-09-26,69.8,70.2,69.8,70.1,39102,31,2739560,4557,永新-KY,exchange
2016-09-29,70.3,70.3,70.0,70.0,38473,33,2694673,4557,永新-KY,exchange
2016-09-30,70.1,70.2,69.8,69.8,23000,21,1610300,4557,永新-KY,exchange
2016-10-03,70.0,70.2,69.6,70.0,44020,38,3077310,4557,永新-KY,exchange
2016-10-04,70.1,70.1,69.6,69.9,48000,38,3359000,4557,永新-KY,exchange
2016-10-05,69.9,70.8,69.3,70.3,101310,97,7102317,4557,永新-KY,exchange
2016-10-06,70.0,70.7,70.0,70.3,92000,79,6476100,4557,永新-KY,exchange
2016-10-07,70.3,70.5,69.4,69.5,118050,80,8248200,4557,永新-KY,exchange
2016-10-11,68.6,71.5,68.1,69.6,321200,236,22093238,4557,永新-KY,exchange
2016-10-12,69.6,70.3,68.5,69.6,59113,58,4114561,4557,永新-KY,exchange
2016-10-13,70.0,70.3,69.5,70.2,138029,48,9621518,4557,永新-KY,exchange
2016-10-14,70.0,70.0,68.7,69.5,91001,76,6285471,4557,永新-KY,exchange
2016-10-17,69.5,69.5,68.5,69.0,86059,72,5932557,4557,永新-KY,exchange
2016-10-18,68.9,69.0,68.5,69.0,32000,25,2198400,4557,永新-KY,exchange
2016-10-19,68.9,69.8,68.4,68.6,193001,94,13258670,4557,永新-KY,exchange
2016-10-20,68.0,68.9,68.0,68.6,90050,61,6162330,4557,永新-KY,exchange
2016-10-21,69.0,69.0,68.3,68.5,74005,58,5068540,4557,永新-KY,exchange
2016-10-24,68.5,68.8,68.5,68.5,368051,52,24318070,4557,永新-KY,exchange
2016-10-25,68.5,68.5,68.0,68.4,412152,79,27309896,4557,永新-KY,exchange
2016-10-26,68.0,68.7,68.0,68.2,44001,37,3003368,4557,永新-KY,exchange
2016-10-27,68.5,68.5,68.2,68.4,34003,29,2326207,4557,永新-KY,exchange
2016-10-28,68.3,68.4,67.9,68.4,77200,64,5264798,4557,永新-KY,exchange
2016-10-31,68.0,68.4,67.7,68.2,49003,41,3329504,4557,永新-KY,exchange
2016-11-01,68.0,68.0,67.7,68.0,41002,37,2783636,4557,永新-KY,exchange
2016-11-02,67.8,68.0,67.3,67.3,68002,60,4598434,4557,永新-KY,exchange
2016-11-03,67.3,67.8,67.2,67.4,75000,59,5054600,4557,永新-KY,exchange
2016-11-04,67.4,67.7,67.0,67.5,29053,23,1956776,4557,永新-KY,exchange
2016-11-07,67.2,68.0,67.2,67.6,33008,39,2229936,4557,永新-KY,exchange
2016-11-08,67.6,68.1,67.6,68.0,61005,51,4139440,4557,永新-KY,exchange
2016-11-09,68.1,68.1,65.0,66.8,133001,103,8829967,4557,永新-KY,exchange
2016-11-10,67.1,67.2,66.0,67.0,98200,81,6552620,4557,永新-KY,exchange
2016-11-11,67.0,67.2,66.0,66.4,46101,40,3071567,4557,永新-KY,exchange
2016-11-14,66.7,66.8,66.3,66.8,55116,50,3669457,4557,永新-KY,exchange
2016-11-15,67.0,69.3,67.0,68.0,115002,89,7799440,4557,永新-KY,exchange
2016-11-16,68.1,68.4,67.9,67.9,115003,75,7830422,4557,永新-KY,exchange
2016-11-17,67.9,67.9,67.4,67.7,56002,31,3786448,4557,永新-KY,exchange
2016-11-18,67.7,67.7,66.9,67.7,328204,54,21634172,4557,永新-KY,exchange
2016-11-21,68.0,68.0,67.0,67.7,60003,40,4049410,4557,永新-KY,exchange
2016-11-22,67.7,68.2,67.6,67.9,92015,67,6247117,4557,永新-KY,exchange
2016-11-23,68.5,68.5,67.6,67.6,48004,28,3264176,4557,永新-KY,exchange
2016-11-24,67.7,67.7,67.0,67.1,72002,44,4836246,4557,永新-KY,exchange
2016-11-25,67.5,67.5,67.2,67.4,35003,32,2354313,4557,永新-KY,exchange
2016-11-28,67.4,67.4,67.1,67.2,43002,24,2891142,4557,永新-KY,exchange
2016-11-29,67.5,67.5,67.0,67.1,57000,40,3827600,4557,永新-KY,exchange
2016-11-30,67.2,67.5,67.0,67.3,46050,51,3097877,4557,永新-KY,exchange
2016-12-01,67.1,67.3,67.0,67.3,33002,31,2215946,4557,永新-KY,exchange
2016-12-02,67.2,67.5,67.0,67.3,46006,44,3091838,4557,永新-KY,exchange
2016-12-05,67.3,67.3,67.0,67.1,39003,36,2617619,4557,永新-KY,exchange
2016-12-06,67.1,67.3,66.8,67.1,84001,57,5629669,4557,永新-KY,exchange
2016-12-07,67.0,68.0,67.0,68.0,134000,79,9053400,4557,永新-KY,exchange
2016-12-08,68.3,71.6,68.3,69.9,633211,475,44199770,4557,永新-KY,exchange
2016-12-09,69.9,70.3,69.3,69.9,408107,145,27417097,4557,永新-KY,exchange
2016-12-12,70.4,71.6,69.7,70.5,439004,284,30991784,4557,永新-KY,exchange
2016-12-13,70.6,70.6,69.5,70.0,115004,85,8050888,4557,永新-KY,exchange
2016-12-14,69.9,69.9,68.6,69.2,189000,122,13086700,4557,永新-KY,exchange
2016-12-15,68.8,69.5,68.6,69.4,92200,67,6374099,4557,永新-KY,exchange
2016-12-16,69.4,70.3,69.3,70.0,140000,88,9781100,4557,永新-KY,exchange
2016-12-19,70.0,70.2,69.3,69.3,110005,80,7657660,4557,永新-KY,exchange
2016-12-20,69.3,69.7,69.2,69.7,59003,46,4101816,4557,永新-KY,exchange
2016-12-21,69.7,69.9,69.0,69.4,79002,54,5479546,4557,永新-KY,exchange
2016-12-22,69.6,69.7,68.3,68.5,107001,80,7354869,4557,永新-KY,exchange
2016-12-23,68.4,69.1,68.4,69.1,43001,41,2957971,4557,永新-KY,exchange
2016-12-26,69.1,69.2,68.3,68.4,51007,48,3500890,4557,永新-KY,exchange
2016-12-27,68.9,69.1,68.2,68.2,28206,31,1929474,4557,永新-KY,exchange
2016-12-28,68.3,69.6,68.3,69.1,94007,78,6489918,4557,永新-KY,exchange
2016-12-29,69.6,73.6,69.6,72.3,1798016,922,128265787,4557,永新-KY,exchange
2016-12-30,72.0,73.2,71.3,72.8,689103,475,49868228,4557,永新-KY,exchange
2017-01-03,73.4,74.5,72.6,73.8,1446033,779,105188935,4557,永新-KY,exchange
2017-01-04,74.0,74.6,73.3,73.6,518009,331,38253359,4557,永新-KY,exchange
2017-01-05,73.6,75.8,73.6,74.8,1671127,825,123866534,4557,永新-KY,exchange
2017-01-06,75.1,75.8,74.2,75.0,1147402,521,84806270,4557,永新-KY,exchange
2017-01-09,75.4,75.7,74.1,74.9,521013,315,38994175,4557,永新-KY,exchange
2017-01-10,75.3,75.5,74.6,74.8,635001,250,46056975,4557,永新-KY,exchange
2017-01-11,75.4,75.4,74.4,75.1,304144,199,22790444,4557,永新-KY,exchange
2017-01-12,75.3,79.6,75.3,77.8,1918211,1326,149457558,4557,永新-KY,exchange
2017-01-13,77.8,78.7,77.1,77.8,447003,330,34836634,4557,永新-KY,exchange
2017-01-16,77.8,77.8,77.2,77.5,243102,152,18825096,4557,永新-KY,exchange
2017-01-17,77.5,77.6,77.0,77.3,559388,191,41664490,4557,永新-KY,exchange
2017-01-18,77.3,78.6,76.9,78.2,415057,304,32293966,4557,永新-KY,exchange
2017-01-19,78.5,78.5,76.6,77.0,555025,306,42976725,4557,永新-KY,exchange
2017-01-20,77.3,77.3,76.6,76.9,186025,151,14319666,4557,永新-KY,exchange
2017-01-23,78.4,79.5,77.5,78.4,611178,440,47933068,4557,永新-KY,exchange
2017-01-24,78.4,78.4,77.1,77.5,378503,218,29413390,4557,永新-KY,exchange
2017-02-02,77.9,78.6,77.4,77.5,1053179,352,79088742,4557,永新-KY,exchange
2017-02-03,77.8,78.1,77.2,77.8,467113,294,36207721,4557,永新-KY,exchange
2017-02-06,78.3,78.8,77.6,78.3,552014,376,43211106,4557,永新-KY,exchange
2017-02-07,78.5,83.3,78.3,81.5,2357104,1362,188930901,4557,永新-KY,exchange
2017-02-08,81.5,81.8,80.8,81.5,591100,350,48029348,4557,永新-KY,exchange
2017-02-09,81.7,81.8,80.6,81.0,393023,272,31903009,4557,永新-KY,exchange
2017-02-10,80.2,80.8,79.2,79.7,1372204,667,109525891,4557,永新-KY,exchange
2017-02-13,80.0,80.4,78.7,80.4,804035,420,63778805,4557,永新-KY,exchange
2017-02-14,80.5,80.5,79.2,79.5,656021,295,51029705,4557,永新-KY,exchange
2017-02-15,79.9,80.6,79.5,80.4,678440,266,52437589,4557,永新-KY,exchange
2017-02-16,80.4,80.9,79.7,80.2,320014,222,25681962,4557,永新-KY,exchange
2017-02-17,80.0,80.3,79.7,80.3,274010,137,21922600,4557,永新-KY,exchange
2017-02-18,80.3,80.4,79.7,79.7,217025,161,17352950,4557,永新-KY,exchange
2017-02-20,79.7,80.6,79.7,79.9,311027,185,24923096,4557,永新-KY,exchange
2017-02-21,80.0,80.0,78.3,78.6,445016,267,35131980,4557,永新-KY,exchange
2017-02-22,78.8,78.8,77.3,78.2,612048,351,47683959,4557,永新-KY,exchange
2017-02-23,78.2,78.3,78.0,78.0,113026,93,8830628,4557,永新-KY,exchange
2017-02-24,78.3,80.6,78.3,80.0,526100,380,41800400,4557,永新-KY,exchange
2017-03-01,80.5,80.5,79.9,80.3,235091,262,18855281,4557,永新-KY,exchange
2017-03-02,80.6,80.6,78.8,79.5,231004,138,18364020,4557,永新-KY,exchange
2017-03-03,79.5,80.3,79.3,79.9,238008,150,18989548,4557,永新-KY,exchange
2017-03-06,80.0,80.5,79.9,80.0,143031,121,11460980,4557,永新-KY,exchange
2017-03-07,80.1,81.7,79.7,81.7,463011,325,37392635,4557,永新-KY,exchange
2017-03-08,82.6,82.6,81.7,81.9,502337,384,41302066,4557,永新-KY,exchange
2017-03-09,81.0,81.4,79.8,80.1,375011,295,30114791,4557,永新-KY,exchange
2017-03-10,79.8,79.8,77.7,78.7,381014,288,29828806,4557,永新-KY,exchange
2017-03-13,79.2,80.2,78.3,79.7,436250,351,34716101,4557,永新-KY,exchange
2017-03-14,80.8,81.4,80.3,80.8,460479,333,37213170,4557,永新-KY,exchange
2017-03-15,81.4,85.6,81.4,84.0,1456320,1073,121970226,4557,永新-KY,exchange
2017-03-16,85.8,86.3,83.2,84.7,1447271,952,123112800,4557,永新-KY,exchange
2017-03-17,85.7,89.1,84.8,88.9,1670249,1151,145374318,4557,永新-KY,exchange
2017-03-20,90.1,93.8,89.7,91.2,2392260,1694,219000208,4557,永新-KY,exchange
2017-03-21,91.2,92.7,90.3,90.7,814400,656,74431729,4557,永新-KY,exchange
2017-03-22,90.0,94.1,88.5,94.1,1203809,917,110500214,4557,永新-KY,exchange
2017-03-23,95.5,97.6,94.2,94.5,1361297,1097,130530823,4557,永新-KY,exchange
2017-03-24,94.5,95.0,93.3,93.6,536601,495,50490399,4557,永新-KY,exchange
2017-03-27,93.6,94.6,91.5,91.8,794298,814,73409023,4557,永新-KY,exchange
2017-03-28,92.3,99.6,92.2,94.9,3402735,2452,328100539,4557,永新-KY,exchange
2017-03-29,96.4,98.4,95.6,97.4,1469527,1223,142351238,4557,永新-KY,exchange
2017-03-30,99.0,100.5,96.8,97.0,1709607,1318,168091643,4557,永新-KY,exchange
2017-03-31,97.0,97.0,95.0,95.2,675147,603,64641084,4557,永新-KY,exchange
2017-04-05,94.8,96.7,94.5,94.5,466357,567,44456440,4557,永新-KY,exchange
2017-04-06,94.3,95.7,91.5,91.9,927150,683,86279400,4557,永新-KY,exchange
2017-04-07,92.9,93.7,90.4,93.1,836519,714,76900843,4557,永新-KY,exchange
2017-04-10,93.3,93.6,89.1,89.1,1315167,984,118343172,4557,永新-KY,exchange
2017-04-11,89.3,90.3,85.8,86.8,997040,873,87431636,4557,永新-KY,exchange
2017-04-12,87.1,88.9,85.5,85.5,589035,476,51269345,4557,永新-KY,exchange
2017-04-13,85.8,87.3,84.1,84.1,651100,560,55399807,4557,永新-KY,exchange
2017-04-14,83.8,84.9,82.5,83.9,444101,358,37122120,4557,永新-KY,exchange
2017-04-17,84.3,86.5,81.2,83.8,530022,431,44597792,4557,永新-KY,exchange
2017-04-18,84.3,86.3,83.8,85.0,906011,687,76974779,4557,永新-KY,exchange
2017-04-19,84.0,84.7,83.6,84.2,265300,230,22295965,4557,永新-KY,exchange
2017-04-20,84.3,84.4,83.3,83.6,221070,174,18537257,4557,永新-KY,exchange
2017-04-21,83.1,85.5,83.1,84.8,291060,232,24610980,4557,永新-KY,exchange
2017-04-24,85.0,85.1,83.4,83.5,128233,123,10741972,4557,永新-KY,exchange
2017-04-25,83.8,84.0,82.5,83.0,226482,199,18825934,4557,永新-KY,exchange
2017-04-26,83.2,84.5,82.5,82.9,217001,152,18055484,4557,永新-KY,exchange
2017-04-27,83.0,84.0,82.9,83.0,142000,97,11824300,4557,永新-KY,exchange
2017-04-28,82.9,83.8,82.8,82.8,226002,144,18788468,4557,永新-KY,exchange
2017-05-02,83.0,83.0,82.0,82.4,187002,151,15399368,4557,永新-KY,exchange
2017-05-03,82.4,83.3,82.0,82.5,122500,107,10126848,4557,永新-KY,exchange
2017-05-04,82.6,84.9,82.6,84.5,442153,349,37229705,4557,永新-KY,exchange
2017-05-05,84.7,84.7,83.4,83.5,181001,148,15151384,4557,永新-KY,exchange
2017-05-08,82.9,83.0,81.6,81.8,363670,267,29893369,4557,永新-KY,exchange
2017-05-09,81.8,82.9,79.0,80.6,388023,279,31147866,4557,永新-KY,exchange
2017-05-10,80.5,81.4,79.3,80.8,308011,207,24730888,4557,永新-KY,exchange
2017-05-11,82.2,84.0,82.2,82.7,508203,337,42161885,4557,永新-KY,exchange
2017-05-12,83.0,83.0,81.5,82.0,220133,172,18070139,4557,永新-KY,exchange
2017-05-15,82.0,82.7,81.7,82.6,108001,90,8879585,4557,永新-KY,exchange
2017-05-16,84.0,84.4,83.2,84.1,252001,212,21149484,4557,永新-KY,exchange
2017-05-17,85.0,90.5,84.5,89.1,3017206,2080,266481398,4557,永新-KY,exchange
2017-05-18,88.2,90.6,87.7,88.0,1256151,976,111839306,4557,永新-KY,exchange
2017-05-19,88.1,88.1,86.4,87.1,607105,524,52870387,4557,永新-KY,exchange
2017-05-22,87.6,87.6,85.3,85.6,470001,370,40491288,4557,永新-KY,exchange
2017-05-23,85.7,87.2,85.4,85.4,472000,391,40640500,4557,永新-KY,exchange
2017-05-24,85.6,87.8,84.7,87.6,748101,522,64801037,4557,永新-KY,exchange
2017-05-25,87.3,88.3,85.9,85.9,494000,367,42822800,4557,永新-KY,exchange
2017-05-26,86.7,86.7,85.2,85.3,334000,240,28559900,4557,永新-KY,exchange
2017-05-31,85.2,85.5,84.5,84.5,125052,114,10613920,4557,永新-KY,exchange
2017-06-01,84.8,85.2,83.8,84.0,195050,151,16451000,4557,永新-KY,exchange
2017-06-02,85.0,85.1,83.3,83.8,403000,299,33771100,4557,永新-KY,exchange
2017-06-03,84.5,86.4,84.0,85.7,484011,344,41449268,4557,永新-KY,exchange
2017-06-05,85.8,86.8,85.4,85.6,339042,242,29171796,4557,永新-KY,exchange
2017-06-06,85.6,85.6,84.4,84.7,282071,219,23944784,4557,永新-KY,exchange
2017-06-07,84.8,85.0,83.9,84.0,227004,162,19111038,4557,永新-KY,exchange
2017-06-08,84.0,84.7,83.8,83.9,212050,153,17837540,4557,永新-KY,exchange
2017-06-09,83.2,84.3,83.1,83.6,399000,262,33310200,4557,永新-KY,exchange
2017-06-12,83.0,83.0,80.5,81.6,493001,368,40267488,4557,永新-KY,exchange
2017-06-13,81.6,83.0,81.6,82.0,273052,193,22500516,4557,永新-KY,exchange
2017-06-14,82.0,82.5,80.4,81.0,334000,228,27086700,4557,永新-KY,exchange
2017-06-15,81.0,81.0,79.8,81.0,280100,201,22483400,4557,永新-KY,exchange
2017-06-16,81.4,81.6,80.3,81.0,174000,118,14106100,4557,永新-KY,exchange
2017-06-19,81.0,83.0,80.8,82.8,411069,277,33666682,4557,永新-KY,exchange
2017-06-20,82.8,83.0,82.1,82.3,190001,145,15677488,4557,永新-KY,exchange
2017-06-21,82.3,82.7,82.0,82.4,143000,109,11777200,4557,永新-KY,exchange
2017-06-22,82.5,83.0,82.4,82.6,169081,134,13967647,4557,永新-KY,exchange
2017-06-23,83.0,83.1,81.8,82.5,155583,116,12813562,4557,永新-KY,exchange
2017-06-26,83.7,83.7,82.9,83.1,285156,208,23740460,4557,永新-KY,exchange
2017-06-27,83.5,84.3,82.6,84.0,630070,449,52519650,4557,永新-KY,exchange
2017-06-28,79.3,79.3,77.7,78.0,449060,323,35294840,4557,永新-KY,exchange
2017-06-29,78.1,78.3,77.0,77.1,252000,194,19507900,4557,永新-KY,exchange
2017-06-30,76.3,77.4,76.0,76.8,266448,209,20399596,4557,永新-KY,exchange
2017-07-03,77.0,78.3,76.9,77.5,190001,157,14771378,4557,永新-KY,exchange
2017-07-04,77.7,78.0,76.6,76.6,246001,136,19053984,4557,永新-KY,exchange
2017-07-05,77.0,77.8,76.2,76.6,131071,86,10063352,4557,永新-KY,exchange
2017-07-06,76.7,77.2,76.6,76.6,69010,50,5297966,4557,永新-KY,exchange
2017-07-07,76.6,76.6,75.5,75.7,143003,106,10850128,4557,永新-KY,exchange
2017-07-10,75.7,76.2,75.1,75.1,198090,141,14920440,4557,永新-KY,exchange
2017-07-11,75.8,75.8,74.8,75.2,143095,109,10748638,4557,永新-KY,exchange
2017-07-12,75.3,75.9,75.3,75.6,94107,78,7099710,4557,永新-KY,exchange
2017-07-13,75.6,76.9,75.6,76.7,64500,61,4919700,4557,永新-KY,exchange
2017-07-14,76.8,77.4,76.3,76.5,142001,106,10910582,4557,永新-KY,exchange
2017-07-17,76.6,77.2,76.6,77.1,136000,108,10459900,4557,永新-KY,exchange
2017-07-18,77.1,77.1,76.0,76.4,150000,104,11457900,4557,永新-KY,exchange
2017-07-19,76.5,77.2,75.7,75.8,148000,117,11243000,4557,永新-KY,exchange
2017-07-20,76.1,76.1,75.4,75.6,140001,102,10594476,4557,永新-KY,exchange
2017-07-21,75.4,76.8,75.0,75.6,195000,119,14717700,4557,永新-KY,exchange
2017-07-24,75.6,76.2,75.4,75.6,90000,68,6815300,4557,永新-KY,exchange
2017-07-25,75.5,75.8,75.4,75.8,110001,94,8317582,4557,永新-KY,exchange
2017-07-26,76.2,76.5,75.7,75.8,167300,133,12733900,4557,永新-KY,exchange
2017-07-27,76.2,77.1,76.0,76.8,260000,208,19884200,4557,永新-KY,exchange
2017-07-28,77.2,80.3,77.2,78.9,754002,545,59585460,4557,永新-KY,exchange
2017-07-31,79.9,80.7,79.1,80.7,403001,315,32221882,4557,永新-KY,exchange
2017-08-01,80.7,80.7,80.0,80.5,217000,159,17438900,4557,永新-KY,exchange
2017-08-02,80.5,80.8,80.3,80.6,197001,104,15859982,4557,永新-KY,exchange
2017-08-03,81.0,81.4,80.6,80.6,151010,130,12206320,4557,永新-KY,exchange
2017-08-04,80.6,80.7,80.2,80.3,229100,128,18431680,4557,永新-KY,exchange
2017-08-07,80.6,81.3,79.9,81.1,389100,265,31366369,4557,永新-KY,exchange
2017-08-08,81.5,82.4,81.0,81.0,284001,213,23165782,4557,永新-KY,exchange
2017-08-09,81.8,81.8,80.6,81.0,236461,132,19169594,4557,永新-KY,exchange
2017-08-10,80.7,80.7,78.6,79.7,196100,148,15549609,4557,永新-KY,exchange
2017-08-11,76.2,76.9,74.5,76.0,709101,455,53721106,4557,永新-KY,exchange
2017-08-14,76.0,76.0,73.3,73.3,355060,252,26302040,4557,永新-KY,exchange
2017-08-15,74.0,75.7,74.0,75.3,266000,139,19906700,4557,永新-KY,exchange
2017-08-16,75.3,75.9,75.1,75.1,47000,44,3546200,4557,永新-KY,exchange
2017-08-17,75.9,76.0,75.1,75.1,80100,72,6032900,4557,永新-KY,exchange
2017-08-18,75.1,75.1,74.1,74.5,125005,106,9304589,4557,永新-KY,exchange
2017-08-21,74.5,74.5,73.3,73.4,182000,150,13396300,4557,永新-KY,exchange
2017-08-22,73.5,74.0,73.5,73.8,79100,69,5827800,4557,永新-KY,exchange
2017-08-23,74.1,74.5,73.9,74.1,80000,68,5932300,4557,永新-KY,exchange
2017-08-24,74.6,77.3,74.6,76.8,378100,276,28882920,4557,永新-KY,exchange
2017-08-25,76.2,78.5,76.1,78.0,531106,382,41214080,4557,永新-KY,exchange
2017-08-28,78.4,78.9,77.5,77.7,294007,187,22963247,4557,永新-KY,exchange
2017-08-29,78.0,78.0,76.0,76.6,106100,86,8139980,4557,永新-KY,exchange
2017-08-30,76.9,77.5,76.0,76.3,106350,94,8115602,4557,永新-KY,exchange
2017-08-31,76.4,77.0,76.4,76.5,106050,64,8125125,4557,永新-KY,exchange
2017-09-01,76.8,77.2,76.7,76.9,98280,61,7561472,4557,永新-KY,exchange
2017-09-04,77.0,77.4,76.9,77.0,99109,76,7638991,4557,永新-KY,exchange
2017-09-05,77.0,77.0,76.5,76.5,96500,82,7405097,4557,永新-KY,exchange
2017-09-06,76.2,76.4,75.6,75.7,87003,78,6606240,4557,永新-KY,exchange
2017-09-07,76.9,76.9,75.3,75.8,53001,45,4016475,4557,永新-KY,exchange
2017-09-08,75.3,76.3,75.2,76.3,65001,55,4911176,4557,永新-KY,exchange
2017-09-11,76.3,76.3,75.1,75.3,109001,92,8224079,4557,永新-KY,exchange
2017-09-12,75.2,75.9,75.0,75.2,126061,110,9491622,4557,永新-KY,exchange
2017-09-13,75.3,75.3,74.4,74.8,173000,152,12946900,4557,永新-KY,exchange
2017-09-14,74.3,74.5,73.5,74.4,189000,141,13970400,4557,永新-KY,exchange
2017-09-15,74.4,76.9,74.4,76.7,467100,281,35567829,4557,永新-KY,exchange
2017-09-18,77.2,79.7,77.2,79.3,1168348,796,92285160,4557,永新-KY,exchange
2017-09-19,79.6,79.6,77.2,77.2,1232445,858,97097810,4557,永新-KY,exchange
2017-09-20,77.0,77.2,75.9,76.1,316170,230,24172004,4557,永新-KY,exchange
2017-09-21,76.0,77.4,76.0,76.5,195100,146,14961200,4557,永新-KY,exchange
2017-09-22,76.2,76.5,75.5,76.3,219001,144,16616478,4557,永新-KY,exchange
2017-09-25,77.5,77.5,76.2,76.5,177100,131,13593100,4557,永新-KY,exchange
2017-09-26,76.5,76.5,75.9,75.9,110001,88,8380676,4557,永新-KY,exchange
2017-09-27,75.8,76.6,75.8,76.2,97000,80,7383500,4557,永新-KY,exchange
2017-09-28,76.2,76.2,75.3,75.3,93000,81,7033400,4557,永新-KY,exchange
2017-09-29,75.3,75.5,74.2,74.9,120000,97,8969700,4557,永新-KY,exchange
2017-09-30,75.0,75.4,74.6,75.4,76001,58,5690980,4557,永新-KY,exchange
2017-10-02,75.4,76.2,74.7,75.8,117101,81,8823659,4557,永新-KY,exchange
2017-10-03,75.8,76.7,75.6,75.6,71002,65,5386060,4557,永新-KY,exchange
2017-10-05,75.2,75.4,74.9,75.3,176200,138,13234758,4557,永新-KY,exchange
2017-10-06,75.1,76.5,74.7,76.0,152000,92,11480500,4557,永新-KY,exchange
2017-10-11,76.0,76.0,74.8,74.8,121000,98,9089300,4557,永新-KY,exchange
2017-10-12,74.9,75.2,74.5,74.9,65001,56,4865975,4557,永新-KY,exchange
2017-10-13,75.5,75.5,74.9,74.9,59001,49,4425476,4557,永新-KY,exchange
2017-10-16,75.1,75.1,74.5,74.8,62000,47,4645900,4557,永新-KY,exchange
2017-10-17,74.8,74.9,74.3,74.4,71000,48,5287600,4557,永新-KY,exchange
2017-10-18,74.4,75.0,74.4,74.5,56000,40,4177300,4557,永新-KY,exchange
2017-10-19,75.5,75.5,74.2,74.9,88002,62,6565854,4557,永新-KY,exchange
2017-10-20,75.4,75.4,74.5,74.8,71001,54,5323677,4557,永新-KY,exchange
2017-10-23,75.0,75.0,74.4,74.4,85001,73,6341677,4557,永新-KY,exchange
2017-10-24,74.4,74.8,74.0,74.2,122000,109,9063800,4557,永新-KY,exchange
2017-10-25,74.8,74.8,73.9,74.0,164049,113,12159675,4557,永新-KY,exchange
2017-10-26,74.0,74.5,73.9,74.1,102000,66,7561800,4557,永新-KY,exchange
2017-10-27,74.1,74.8,73.6,73.6,141000,106,10428800,4557,永新-KY,exchange
2017-10-30,73.7,74.7,73.6,74.2,54100,39,4012900,4557,永新-KY,exchange
2017-10-31,74.7,74.7,74.2,74.6,11101,13,828079,4557,永新-KY,exchange
2017-11-01,74.6,75.0,74.1,74.6,61096,58,4554851,4557,永新-KY,exchange
2017-11-02,75.0,75.4,74.6,74.9,50380,50,3776400,4557,永新-KY,exchange
2017-11-03,75.4,75.4,74.7,75.0,38150,37,2863380,4557,永新-KY,exchange
2017-11-06,75.5,75.5,74.7,75.1,73100,49,5489700,4557,永新-KY,exchange
2017-11-07,75.4,75.4,75.0,75.0,54010,46,4054557,4557,永新-KY,exchange
2017-11-08,75.3,75.4,75.0,75.3,102000,74,7679000,4557,永新-KY,exchange
2017-11-09,74.5,75.0,71.6,71.8,691000,471,50541900,4557,永新-KY,exchange
2017-11-10,71.6,71.6,68.0,70.4,631105,467,43797670,4557,永新-KY,exchange
2017-11-13,70.7,70.7,69.0,69.3,159002,129,11051841,4557,永新-KY,exchange
2017-11-14,69.3,70.0,69.2,69.7,76000,72,5278100,4557,永新-KY,exchange
2017-11-15,70.0,70.0,69.1,69.6,86091,83,5967342,4557,永新-KY,exchange
2017-11-16,69.6,69.7,69.2,69.3,53100,56,3686849,4557,永新-KY,exchange
2017-11-17,69.3,71.4,69.3,70.2,67101,54,4720474,4557,永新-KY,exchange
2017-11-20,70.2,70.2,69.6,70.0,40000,33,2792600,4557,永新-KY,exchange
2017-11-21,70.0,70.5,69.6,70.5,54000,43,3795100,4557,永新-KY,exchange
2017-11-22,70.5,72.5,70.5,71.6,105100,81,7538150,4557,永新-KY,exchange
2017-11-23,71.7,72.5,71.7,71.8,77000,57,5554100,4557,永新-KY,exchange
2017-11-24,72.4,72.4,71.6,72.2,38200,35,2746138,4557,永新-KY,exchange
2017-11-27,72.5,72.5,71.5,71.5,38001,26,2729778,4557,永新-KY,exchange
2017-11-28,71.5,71.5,70.6,70.9,40001,35,2842876,4557,永新-KY,exchange
2017-11-29,71.6,71.6,70.2,70.7,52000,44,3673300,4557,永新-KY,exchange
2017-11-30,70.3,71.0,70.3,71.0,43000,33,3027000,4557,永新-KY,exchange
2017-12-01,70.7,70.9,70.5,70.9,45002,40,3177052,4557,永新-KY,exchange
2017-12-04,71.3,71.3,70.3,70.5,28100,34,1983357,4557,永新-KY,exchange
2017-12-05,71.0,71.0,70.1,70.1,19000,18,1335100,4557,永新-KY,exchange
2017-12-06,70.0,70.0,69.0,69.2,41006,39,2848326,4557,永新-KY,exchange
2017-12-07,69.2,70.5,69.1,69.7,40070,30,2796942,4557,永新-KY,exchange
2017-12-08,69.5,70.4,69.3,70.0,52000,34,3615000,4557,永新-KY,exchange
2017-12-11,70.0,70.9,69.8,70.5,28206,26,1993649,4557,永新-KY,exchange
2017-12-12,70.8,71.3,70.5,70.7,41000,35,2910600,4557,永新-KY,exchange
2017-12-13,70.7,71.0,70.6,70.6,19009,24,1345539,4557,永新-KY,exchange
2017-12-14,70.2,71.0,70.2,70.7,38085,25,2693959,4557,永新-KY,exchange
2017-12-15,70.7,70.7,70.0,70.1,47153,33,3309981,4557,永新-KY,exchange
2017-12-18,70.3,70.3,70.2,70.2,7003,8,491728,4557,永新-KY,exchange
2017-12-19,70.7,70.7,69.8,69.8,36037,33,2525934,4557,永新-KY,exchange
2017-12-20,70.0,70.5,69.9,70.5,8001,7,560273,4557,永新-KY,exchange
2017-12-21,70.5,70.7,70.0,70.5,13038,15,914905,4557,永新-KY,exchange
2017-12-22,71.0,71.6,70.8,71.4,127250,88,9080275,4557,永新-KY,exchange
2017-12-25,71.8,72.3,71.3,71.5,75103,56,5387756,4557,永新-KY,exchange
2017-12-26,71.3,71.5,70.7,71.5,41001,29,2910273,4557,永新-KY,exchange
2017-12-27,71.5,71.5,70.1,71.1,69002,39,4891450,4557,永新-KY,exchange
2017-12-28,71.0,71.1,70.5,71.1,61003,36,4319025,4557,永新-KY,exchange
2017-12-29,71.1,72.2,71.1,72.1,65162,74,4672151,4557,永新-KY,exchange
2018-01-02,72.5,72.5,71.7,71.7,33104,17,2379026,4557,永新-KY,exchange
2018-01-03,71.7,71.7,71.1,71.7,80072,46,5726391,4557,永新-KY,exchange
2018-01-04,71.5,71.5,71.0,71.0,26011,25,1850888,4557,永新-KY,exchange
2018-01-05,71.4,71.5,71.0,71.1,91002,61,6474544,4557,永新-KY,exchange
2018-01-08,71.3,71.7,71.1,71.1,61201,43,4360911,4557,永新-KY,exchange
2018-01-09,71.1,71.5,70.9,71.0,158123,98,11246645,4557,永新-KY,exchange
2018-01-10,71.0,71.4,70.6,71.0,88328,66,6257288,4557,永新-KY,exchange
2018-01-11,71.0,71.3,70.7,71.3,63202,42,4479102,4557,永新-KY,exchange
2018-01-12,71.3,71.7,71.3,71.3,44103,39,3150704,4557,永新-KY,exchange
2018-01-15,71.5,71.5,71.0,71.3,20002,20,1424448,4557,永新-KY,exchange
2018-01-16,71.3,71.5,71.0,71.5,13011,24,927114,4557,永新-KY,exchange
2018-01-17,71.5,71.7,71.5,71.7,37008,31,2648092,4557,永新-KY,exchange
2018-01-18,71.9,72.6,71.9,72.4,136004,111,9842696,4557,永新-KY,exchange
2018-01-19,72.4,73.1,72.4,72.9,65203,54,4746222,4557,永新-KY,exchange
2018-01-22,73.4,73.9,73.3,73.6,82112,72,6039300,4557,永新-KY,exchange
2018-01-23,74.0,74.0,73.5,73.6,48002,42,3537248,4557,永新-KY,exchange
2018-01-24,73.6,74.0,73.6,73.9,53020,39,3914084,4557,永新-KY,exchange
2018-01-25,73.9,74.5,73.9,74.0,53076,49,3926793,4557,永新-KY,exchange
2018-01-26,74.5,74.9,74.2,74.9,111001,93,8281176,4557,永新-KY,exchange
2018-01-29,75.4,75.5,74.4,74.6,79065,53,5918454,4557,永新-KY,exchange
2018-01-30,74.6,74.6,74.0,74.0,43001,26,3200174,4557,永新-KY,exchange
2018-01-31,74.0,74.3,73.2,74.0,69002,39,5098254,4557,永新-KY,exchange
2018-02-01,74.1,74.1,73.5,73.5,33002,19,2438554,4557,永新-KY,exchange
2018-02-02,73.1,74.0,72.7,73.9,56000,46,4100100,4557,永新-KY,exchange
2018-02-05,73.9,76.5,73.5,74.2,427001,281,31981678,4557,永新-KY,exchange
2018-02-06,74.5,74.5,71.3,71.4,220001,163,15976674,4557,永新-KY,exchange
2018-02-07,72.1,73.4,72.1,73.1,43001,34,3136977,4557,永新-KY,exchange
2018-02-08,73.0,73.5,72.7,73.0,18002,19,1313448,4557,永新-KY,exchange
2018-02-09,72.6,73.1,71.4,72.9,80002,47,5800550,4557,永新-KY,exchange
2018-02-12,73.5,73.5,73.2,73.4,110001,56,8062476,4557,永新-KY,exchange
2018-02-21,75.5,75.5,74.1,74.4,22012,27,1641636,4557,永新-KY,exchange
2018-02-22,74.9,75.5,74.2,75.5,126007,69,9419546,4557,永新-KY,exchange
2018-02-23,75.7,75.8,74.9,74.9,83002,51,6266250,4557,永新-KY,exchange
2018-02-26,74.7,75.5,74.5,74.8,65034,60,4867020,4557,永新-KY,exchange
2018-02-27,74.8,74.8,74.7,74.7,96009,59,7173702,4557,永新-KY,exchange
2018-03-01,75.4,75.4,74.4,74.6,45108,42,3370798,4557,永新-KY,exchange
2018-03-02,75.2,75.2,74.7,74.8,31009,24,2319802,4557,永新-KY,exchange
2018-03-05,75.0,75.2,74.7,74.7,31023,44,2321394,4557,永新-KY,exchange
2018-03-06,74.8,74.8,74.6,74.6,14101,15,1053828,4557,永新-KY,exchange
2018-03-07,74.8,74.8,74.5,74.5,29006,26,2162462,4557,永新-KY,exchange
2018-03-08,74.9,74.9,74.5,74.5,10009,17,746702,4557,永新-KY,exchange
2018-03-09,74.5,74.5,73.9,74.0,51218,47,3798961,4557,永新-KY,exchange
2018-03-12,73.5,74.3,73.5,74.1,31200,30,2309798,4557,永新-KY,exchange
2018-03-13,74.0,75.0,73.6,75.0,72010,70,5345481,4557,永新-KY,exchange
2018-03-14,75.1,75.1,74.6,75.0,23015,37,1725770,4557,永新-KY,exchange
2018-03-15,76.4,77.9,76.4,77.0,427064,282,32917254,4557,永新-KY,exchange
2018-03-16,76.8,77.0,76.3,77.0,181085,117,13886545,4557,永新-KY,exchange
2018-03-19,77.0,77.6,76.8,77.5,186123,137,14403321,4557,永新-KY,exchange
2018-03-20,77.3,77.4,77.1,77.2,100464,94,7757118,4557,永新-KY,exchange
2018-03-21,77.1,77.8,77.1,77.3,194112,124,15019160,4557,永新-KY,exchange
2018-03-22,77.4,77.7,77.0,77.0,174050,145,13446953,4557,永新-KY,exchange
2018-03-23,77.0,79.1,76.9,78.8,550206,280,42789934,4557,永新-KY,exchange
2018-03-26,79.0,79.0,77.9,79.0,304039,237,23914881,4557,永新-KY,exchange
2018-03-27,79.4,80.7,79.1,80.1,531152,404,42413327,4557,永新-KY,exchange
2018-03-28,79.9,80.4,79.1,80.1,251231,167,20014901,4557,永新-KY,exchange
2018-03-29,80.1,80.4,79.6,80.1,142011,92,11354680,4557,永新-KY,exchange
2018-03-30,80.1,80.1,78.5,78.8,121508,83,9601324,4557,永新-KY,exchange
2018-03-31,78.8,80.2,78.1,80.1,178154,157,14104126,4557,永新-KY,exchange
2018-04-02,80.1,80.1,78.6,79.8,155080,131,12300467,4557,永新-KY,exchange
2018-04-03,79.6,79.6,78.3,79.6,57010,52,4508690,4557,永新-KY,exchange
2018-04-09,78.8,79.9,78.8,79.9,46009,47,3649911,4557,永新-KY,exchange
2018-04-10,80.0,80.0,78.9,79.1,57143,68,4520809,4557,永新-KY,exchange
2018-04-11,78.1,79.1,78.0,79.1,221210,111,17325619,4557,永新-KY,exchange
2018-04-12,79.2,79.2,77.5,78.0,151008,85,11788916,4557,永新-KY,exchange
2018-04-13,78.0,78.1,76.1,78.1,334010,193,25717080,4557,永新-KY,exchange
2018-04-16,78.1,78.1,76.9,77.6,146114,89,11308702,4557,永新-KY,exchange
2018-04-17,77.6,77.7,76.4,76.4,89503,76,6862123,4557,永新-KY,exchange
2018-04-18,76.5,76.8,76.2,76.2,95000,59,7263800,4557,永新-KY,exchange
2018-04-19,76.2,76.5,76.2,76.4,76005,52,5800282,4557,永新-KY,exchange
2018-04-20,76.4,76.4,76.0,76.0,51000,33,3885500,4557,永新-KY,exchange
2018-04-23,76.0,76.0,75.1,75.2,69128,67,5214360,4557,永新-KY,exchange
2018-04-24,75.0,75.0,73.8,73.8,99100,76,7360419,4557,永新-KY,exchange
2018-04-25,73.7,73.7,72.0,73.5,121002,77,8824648,4557,永新-KY,exchange
2018-04-26,72.3,73.3,72.1,72.4,181004,119,13121492,4557,永新-KY,exchange
2018-04-27,72.6,72.6,71.8,72.0,175000,94,12602200,4557,永新-KY,exchange
2018-04-30,72.0,72.3,71.9,72.2,400141,172,28808878,4557,永新-KY,exchange
2018-05-02,72.2,72.2,70.0,70.7,430207,282,30466478,4557,永新-KY,exchange
2018-05-03,69.3,70.6,69.3,69.9,116128,86,8124824,4557,永新-KY,exchange
2018-05-04,69.9,70.0,69.8,70.0,69000,59,4823800,4557,永新-KY,exchange
2018-05-07,70.0,70.5,70.0,70.4,96000,72,6729500,4557,永新-KY,exchange
2018-05-08,70.4,71.5,70.0,70.5,61000,47,4299000,4557,永新-KY,exchange
2018-05-09,68.7,68.7,64.3,65.7,925036,618,61011006,4557,永新-KY,exchange
2018-05-10,65.8,67.4,65.1,66.8,276001,208,18237468,4557,永新-KY,exchange
2018-05-11,66.1,66.1,64.5,64.6,769280,410,49960120,4557,永新-KY,exchange
2018-05-14,65.0,65.0,63.1,64.6,225080,118,14430271,4557,永新-KY,exchange
2018-05-15,64.6,65.2,64.5,64.6,75040,66,4864340,4557,永新-KY,exchange
2018-05-16,64.8,65.6,64.2,64.8,112011,74,7236516,4557,永新-KY,exchange
2018-05-17,65.0,65.1,64.7,65.1,21000,21,1364500,4557,永新-KY,exchange
2018-05-18,65.1,66.8,65.0,66.6,94150,76,6187820,4557,永新-KY,exchange
2018-05-21,66.5,68.0,66.5,67.5,139227,103,9380736,4557,永新-KY,exchange
2018-05-22,68.0,68.0,67.1,67.5,114600,62,7723260,4557,永新-KY,exchange
2018-05-23,67.6,67.7,66.8,67.1,63152,47,4235744,4557,永新-KY,exchange
2018-05-24,67.3,67.3,67.0,67.2,60053,42,4032651,4557,永新-KY,exchange
2018-05-25,67.2,67.8,67.2,67.3,51151,38,3449992,4557,永新-KY,exchange
2018-05-28,67.3,67.7,67.3,67.6,64000,39,4324000,4557,永新-KY,exchange
2018-05-29,67.8,67.8,67.6,67.7,45001,30,3046567,4557,永新-KY,exchange
2018-05-30,67.7,67.7,66.6,67.6,68000,49,4573900,4557,永新-KY,exchange
2018-05-31,67.7,67.8,67.4,67.7,37002,32,2498636,4557,永新-KY,exchange
2018-06-01,66.7,68.0,66.7,68.0,105200,41,7094100,4557,永新-KY,exchange
2018-06-04,68.0,68.9,67.6,68.5,212000,71,14424900,4557,永新-KY,exchange
2018-06-05,68.5,68.5,67.6,67.9,191000,54,13030800,4557,永新-KY,exchange
2018-06-06,67.4,68.0,67.4,68.0,122003,26,8241504,4557,永新-KY,exchange
2018-06-07,68.0,68.2,67.5,67.9,164100,74,11116200,4557,永新-KY,exchange
2018-06-08,67.6,67.7,67.4,67.6,46545,43,3147229,4557,永新-KY,exchange
2018-06-11,67.6,67.7,67.2,67.5,122014,30,8228794,4557,永新-KY,exchange
2018-06-12,67.6,68.3,67.4,68.3,121001,48,8178468,4557,永新-KY,exchange
2018-06-13,68.4,71.0,68.3,70.4,161200,119,11278159,4557,永新-KY,exchange
2018-06-14,70.5,71.6,70.5,71.0,145400,104,10353800,4557,永新-KY,exchange
2018-06-15,71.0,71.3,70.9,71.3,73303,63,5213728,4557,永新-KY,exchange
2018-06-19,71.1,71.6,71.0,71.5,100202,58,7147750,4557,永新-KY,exchange
2018-06-20,71.3,71.3,70.7,70.8,61200,53,4341900,4557,永新-KY,exchange
2018-06-21,70.9,71.2,70.7,70.9,59021,53,4188354,4557,永新-KY,exchange
2018-06-22,70.9,71.2,70.7,71.0,124000,85,8794200,4557,永新-KY,exchange
2018-06-25,71.3,71.3,71.0,71.1,90004,61,6402300,4557,永新-KY,exchange
2018-06-26,71.1,71.3,70.9,71.0,188001,124,13366071,4557,永新-KY,exchange
2018-06-27,67.4,67.4,65.5,65.8,107150,86,7075000,4557,永新-KY,exchange
2018-06-28,65.7,66.5,65.6,65.8,50000,35,3287400,4557,永新-KY,exchange
2018-06-29,66.0,66.2,65.9,65.9,17000,10,1122400,4557,永新-KY,exchange
2018-07-02,66.4,66.4,65.5,65.5,21347,21,1405175,4557,永新-KY,exchange
2018-07-03,65.0,65.1,64.3,64.3,114001,68,7385565,4557,永新-KY,exchange
2018-07-04,65.0,65.0,63.7,64.3,85001,45,5445564,4557,永新-KY,exchange
2018-07-05,64.5,64.5,63.5,63.5,41001,33,2611968,4557,永新-KY,exchange
2018-07-06,63.6,63.6,62.9,63.6,31019,39,1956973,4557,永新-KY,exchange
2018-07-09,63.0,63.0,62.4,62.6,87002,64,5449134,4557,永新-KY,exchange
2018-07-10,64.0,64.0,62.5,62.6,7001,8,439463,4557,永新-KY,exchange
2018-07-11,62.6,63.2,62.0,62.7,43004,33,2680352,4557,永新-KY,exchange
2018-07-12,63.3,63.3,62.5,62.5,7038,6,440705,4557,永新-KY,exchange
2018-07-13,63.0,63.0,62.5,62.5,47000,19,2941900,4557,永新-KY,exchange
2018-07-16,62.5,63.6,62.5,63.4,26212,28,1657238,4557,永新-KY,exchange
2018-07-17,63.4,63.6,63.0,63.6,16004,14,1012852,4557,永新-KY,exchange
2018-07-18,63.6,63.6,63.3,63.3,64491,47,4089385,4557,永新-KY,exchange
2018-07-19,63.8,63.8,63.5,63.6,9247,12,587683,4557,永新-KY,exchange
2018-07-20,64.6,64.6,63.6,64.1,28480,25,1824468,4557,永新-KY,exchange
2018-07-23,64.1,65.8,64.1,65.7,45003,39,2933995,4557,永新-KY,exchange
2018-07-24,66.1,66.8,66.0,66.7,55000,35,3649800,4557,永新-KY,exchange
2018-07-25,66.9,68.5,66.9,68.0,132098,93,8951522,4557,永新-KY,exchange
2018-07-26,68.0,68.6,68.0,68.6,39001,35,2668469,4557,永新-KY,exchange
2018-07-27,68.6,69.2,67.5,68.5,73004,52,5017176,4557,永新-KY,exchange
2018-07-30,68.2,68.2,67.5,68.0,57000,39,3867600,4557,永新-KY,exchange
2018-07-31,68.5,68.5,67.5,68.0,24000,17,1626900,4557,永新-KY,exchange
2018-08-01,67.5,68.5,67.5,68.5,53011,43,3605760,4557,永新-KY,exchange
2018-08-02,68.5,68.6,68.0,68.4,60131,42,4101939,4557,永新-KY,exchange
2018-08-03,68.3,68.5,68.1,68.5,19001,15,1297767,4557,永新-KY,exchange
2018-08-06,68.5,69.5,68.3,69.5,70002,51,4816140,4557,永新-KY,exchange
2018-08-07,69.5,70.1,69.4,70.0,147000,79,10267500,4557,永新-KY,exchange
2018-08-08,70.0,70.2,69.8,70.0,97000,46,6790200,4557,永新-KY,exchange
2018-08-09,70.0,70.2,69.8,69.9,58000,52,4057900,4557,永新-KY,exchange
2018-08-10,69.9,69.9,69.1,69.1,85000,60,5904200,4557,永新-KY,exchange
2018-08-13,69.1,69.1,67.5,67.9,90012,64,6111121,4557,永新-KY,exchange
2018-08-14,69.0,69.0,67.6,68.3,25002,18,1699636,4557,永新-KY,exchange
2018-08-15,68.2,68.3,67.0,67.0,100430,65,6771908,4557,永新-KY,exchange
2018-08-16,68.0,68.0,67.0,67.5,8101,10,546817,4557,永新-KY,exchange
2018-08-17,67.5,67.7,67.3,67.3,34000,25,2293000,4557,永新-KY,exchange
2018-08-20,67.3,67.3,67.0,67.0,29000,24,1945700,4557,永新-KY,exchange
2018-08-21,68.2,68.2,67.0,67.1,17001,17,1141767,4557,永新-KY,exchange
2018-08-22,67.2,67.3,67.1,67.1,19000,15,1275600,4557,永新-KY,exchange
2018-08-23,67.6,67.7,67.2,67.2,12000,12,810800,4557,永新-KY,exchange
2018-08-24,67.0,67.2,67.0,67.0,10000,10,670200,4557,永新-KY,exchange
2018-08-27,66.9,66.9,65.9,66.7,56000,42,3713000,4557,永新-KY,exchange
2018-08-28,67.0,67.0,66.8,67.0,14000,11,936800,4557,永新-KY,exchange
2018-08-29,67.2,67.2,67.0,67.0,11000,6,738500,4557,永新-KY,exchange
2018-08-30,67.1,67.3,67.1,67.1,31000,15,2084900,4557,永新-KY,exchange
2018-08-31,67.3,67.7,67.3,67.7,11000,11,741400,4557,永新-KY,exchange
2018-09-03,68.4,68.4,67.3,67.3,12001,12,812367,4557,永新-KY,exchange
2018-09-04,67.4,67.4,67.4,67.4,13000,6,876200,4557,永新-KY,exchange
2018-09-05,67.3,67.5,67.0,67.4,37000,19,2491800,4557,永新-KY,exchange
2018-09-06,67.3,67.6,67.1,67.6,18094,16,1216187,4557,永新-KY,exchange
2018-09-07,67.6,67.6,67.0,67.0,28000,22,1884100,4557,永新-KY,exchange
2018-09-10,67.0,67.8,66.5,66.7,82081,41,5490727,4557,永新-KY,exchange
2018-09-11,67.5,67.5,66.2,66.4,34300,29,2280500,4557,永新-KY,exchange
2018-09-12,67.4,67.4,66.0,66.2,45000,35,2982700,4557,永新-KY,exchange
2018-09-13,66.2,66.9,65.8,65.8,29000,24,1914200,4557,永新-KY,exchange
2018-09-14,66.5,66.5,66.1,66.1,12000,10,794900,4557,永新-KY,exchange
2018-09-17,66.1,66.4,66.1,66.3,23022,15,1525357,4557,永新-KY,exchange
2018-09-18,66.0,66.3,66.0,66.3,19000,14,1257000,4557,永新-KY,exchange
2018-09-19,66.8,66.8,66.3,66.4,15025,16,999058,4557,永新-KY,exchange
2018-09-20,66.0,66.4,66.0,66.4,14000,13,928300,4557,永新-KY,exchange
2018-09-21,66.5,66.7,66.3,66.5,13000,6,864700,4557,永新-KY,exchange
2018-09-25,66.7,66.7,66.1,66.1,28002,16,1859230,4557,永新-KY,exchange
2018-09-26,66.0,66.5,66.0,66.0,26000,19,1720400,4557,永新-KY,exchange
2018-09-27,66.5,66.5,66.0,66.0,20050,15,1326430,4557,永新-KY,exchange
2018-09-28,66.0,66.0,65.8,66.0,30000,28,1978400,4557,永新-KY,exchange
2018-10-01,65.8,66.0,65.6,65.7,58006,41,3813996,4557,永新-KY,exchange
2018-10-02,66.5,66.5,66.0,66.2,21001,20,1390166,4557,永新-KY,exchange
2018-10-03,66.2,66.7,66.2,66.4,28000,20,1861300,4557,永新-KY,exchange
2018-10-04,66.2,66.3,66.2,66.2,14000,14,927800,4557,永新-KY,exchange
2018-10-05,65.9,66.2,65.6,65.8,39001,34,2567866,4557,永新-KY,exchange
2018-10-08,65.8,66.7,65.8,66.7,27030,31,1790616,4557,永新-KY,exchange
2018-10-09,66.7,66.7,66.3,66.5,35001,33,2325466,4557,永新-KY,exchange
2018-10-11,66.0,66.0,62.8,64.2,54020,49,3476184,4557,永新-KY,exchange
2018-10-12,64.2,64.7,64.2,64.7,31001,28,1995064,4557,永新-KY,exchange
2018-10-15,64.7,64.8,64.7,64.8,12001,12,776764,4557,永新-KY,exchange
2018-10-16,64.8,64.8,64.5,64.7,27002,26,1746330,4557,永新-KY,exchange
2018-10-17,65.5,65.5,64.5,64.5,35001,31,2260865,4557,永新-KY,exchange
2018-10-18,65.5,65.5,64.3,64.3,19000,15,1224200,4557,永新-KY,exchange
2018-10-22,64.0,64.8,64.0,64.1,8000,8,514500,4557,永新-KY,exchange
2018-10-23,64.1,64.1,64.0,64.0,15079,15,965831,4557,永新-KY,exchange
2018-10-24,63.9,64.0,63.7,63.8,30000,13,1916500,4557,永新-KY,exchange
2018-10-25,64.5,64.5,61.0,63.0,91001,54,5645363,4557,永新-KY,exchange
2018-10-26,63.5,63.8,63.0,63.0,99002,37,6290826,4557,永新-KY,exchange
2018-10-29,62.0,62.0,62.0,62.0,25000,11,1550000,4557,永新-KY,exchange
2018-10-30,62.0,62.0,61.3,62.0,10102,12,621662,4557,永新-KY,exchange
2018-10-31,62.6,62.6,61.7,62.0,23000,21,1426100,4557,永新-KY,exchange
2018-11-01,62.0,62.3,59.6,62.0,30300,27,1862220,4557,永新-KY,exchange
2018-11-02,62.0,62.0,61.9,61.9,10001,9,619762,4557,永新-KY,exchange
2018-11-05,60.2,62.0,60.0,62.0,5001,6,304262,4557,永新-KY,exchange
2018-11-06,61.0,61.0,61.0,61.0,1000,1,61000,4557,永新-KY,exchange
2018-11-07,62.0,62.1,62.0,62.1,9002,11,558224,4557,永新-KY,exchange
2018-11-08,60.7,62.1,60.7,62.0,13001,12,795862,4557,永新-KY,exchange
2018-11-09,62.0,62.0,62.0,62.0,4000,2,248000,4557,永新-KY,exchange
2018-11-12,61.0,61.1,61.0,61.0,24101,18,1470620,4557,永新-KY,exchange
2018-11-13,61.0,61.7,61.0,61.7,7001,6,427761,4557,永新-KY,exchange
2018-11-14,61.7,61.7,60.8,61.7,27031,20,1651931,4557,永新-KY,exchange
2018-11-15,61.8,61.8,61.8,61.8,1003,4,61986,4557,永新-KY,exchange
2018-11-16,61.7,61.8,61.3,61.3,11101,11,684550,4557,永新-KY,exchange
2018-11-19,61.3,61.8,61.1,61.8,30000,22,1841800,4557,永新-KY,exchange
2018-11-20,61.8,62.4,61.8,62.4,39001,30,2423162,4557,永新-KY,exchange
2018-11-21,61.4,62.1,61.4,62.1,10003,11,619287,4557,永新-KY,exchange
2018-11-22,62.0,62.0,61.2,61.6,57002,42,3509424,4557,永新-KY,exchange
2018-11-23,61.6,62.1,61.5,61.8,20104,21,1239288,4557,永新-KY,exchange
2018-11-26,62.2,62.9,62.0,62.1,61012,45,3809544,4557,永新-KY,exchange
2018-11-27,62.4,62.6,62.4,62.5,7033,10,439382,4557,永新-KY,exchange
2018-11-28,63.2,63.5,62.7,62.9,32008,31,2012304,4557,永新-KY,exchange
2018-11-29,63.5,63.5,62.3,62.3,22040,17,1379916,4557,永新-KY,exchange
2018-11-30,62.0,62.3,61.1,62.1,31001,32,1926062,4557,永新-KY,exchange
2018-12-03,62.5,62.7,62.1,62.1,16006,21,998772,4557,永新-KY,exchange
2018-12-04,62.5,63.0,62.4,63.0,27000,19,1696300,4557,永新-KY,exchange
2018-12-05,62.7,62.7,62.1,62.1,19050,17,1188835,4557,永新-KY,exchange
2018-12-06,62.9,62.9,61.7,61.7,20012,30,1243644,4557,永新-KY,exchange
2018-12-07,62.8,62.8,61.8,62.0,11042,10,685929,4557,永新-KY,exchange
2018-12-10,62.0,62.2,61.9,62.1,15000,15,930900,4557,永新-KY,exchange
2018-12-11,62.7,63.4,62.2,63.1,34007,32,2138269,4557,永新-KY,exchange
2018-12-12,63.0,63.4,63.0,63.1,26008,30,1642338,4557,永新-KY,exchange
2018-12-13,62.3,65.0,62.3,63.7,82000,64,5244700,4557,永新-KY,exchange
2018-12-14,63.1,63.7,63.1,63.3,18000,18,1139500,4557,永新-KY,exchange
2018-12-17,63.0,63.3,62.9,63.2,24002,20,1516034,4557,永新-KY,exchange
2018-12-18,63.4,63.4,62.4,62.5,51004,45,3201064,4557,永新-KY,exchange
2018-12-19,62.3,62.3,61.8,62.0,44007,38,2730269,4557,永新-KY,exchange
2018-12-20,61.6,61.8,60.6,61.0,40001,36,2449665,4557,永新-KY,exchange
2018-12-21,61.5,61.5,61.0,61.2,39001,34,2385763,4557,永新-KY,exchange
2018-12-22,61.9,61.9,61.0,61.5,22003,25,1347498,4557,永新-KY,exchange
2018-12-24,61.5,61.7,61.3,61.7,32001,20,1967667,4557,永新-KY,exchange
2018-12-25,61.2,61.2,61.2,61.2,3000,3,183600,4557,永新-KY,exchange
2018-12-26,62.3,62.3,61.1,61.1,13001,13,796766,4557,永新-KY,exchange
2018-12-27,62.2,62.2,61.2,61.2,21004,23,1287665,4557,永新-KY,exchange
2018-12-28,61.1,61.3,61.0,61.2,16011,21,979937,4557,永新-KY,exchange
2019-01-02,62.0,63.3,61.7,62.6,63028,80,3931176,4557,永新-KY,exchange
2019-01-03,62.6,63.3,62.3,62.9,52206,51,3281802,4557,永新-KY,exchange
2019-01-04,62.5,63.7,62.5,63.0,69009,68,4353612,4557,永新-KY,exchange
2019-01-07,63.5,65.2,63.5,64.6,81013,77,5228884,4557,永新-KY,exchange
2019-01-08,65.0,65.1,64.2,65.1,31002,31,2007136,4557,永新-KY,exchange
2019-01-09,67.5,67.8,66.0,67.0,198079,136,13220472,4557,永新-KY,exchange
2019-01-10,67.2,67.2,66.1,66.5,57001,46,3785567,4557,永新-KY,exchange
2019-01-11,67.4,67.4,66.4,66.6,41100,36,2740956,4557,永新-KY,exchange
2019-01-14,66.7,67.1,66.2,66.8,39007,41,2595504,4557,永新-KY,exchange
2019-01-15,67.0,67.8,67.0,67.8,77004,67,5185174,4557,永新-KY,exchange
2019-01-16,68.1,70.6,67.9,70.4,209206,154,14508725,4557,永新-KY,exchange
2019-01-17,70.0,70.1,69.4,70.1,49006,45,3421420,4557,永新-KY,exchange
2019-01-18,70.3,70.4,69.2,69.9,71600,73,4997675,4557,永新-KY,exchange
2019-01-21,69.7,70.0,69.3,70.0,58012,59,4045240,4557,永新-KY,exchange
2019-01-22,70.0,71.5,70.0,71.0,131005,97,9238660,4557,永新-KY,exchange
2019-01-23,71.0,71.2,70.5,71.1,34145,33,2424365,4557,永新-KY,exchange
2019-01-24,71.1,71.4,70.6,70.6,52007,43,3695097,4557,永新-KY,exchange
2019-01-25,71.0,71.0,69.7,70.0,64008,42,4493860,4557,永新-KY,exchange
2019-01-28,70.5,70.5,69.9,69.9,45013,54,3157197,4557,永新-KY,exchange
2019-01-29,69.9,69.9,68.6,69.8,33006,31,2294114,4557,永新-KY,exchange
2019-01-30,71.2,71.2,69.9,70.2,30001,25,2113269,4557,永新-KY,exchange
2019-02-11,70.2,70.8,70.2,70.5,50167,64,3541032,4557,永新-KY,exchange
2019-02-12,70.6,71.0,70.6,71.0,38015,43,2693750,4557,永新-KY,exchange
2019-02-13,71.0,71.0,70.7,70.8,46108,46,3264620,4557,永新-KY,exchange
2019-02-14,70.5,71.0,70.5,71.0,27010,29,1916000,4557,永新-KY,exchange
2019-02-15,71.2,71.2,70.8,71.0,30005,33,2128250,4557,永新-KY,exchange
2019-02-18,71.0,71.2,71.0,71.1,44044,58,3128796,4557,永新-KY,exchange
2019-02-19,71.3,72.3,71.3,72.0,78015,66,5608074,4557,永新-KY,exchange
2019-02-20,71.1,72.0,71.1,71.7,81018,63,5793884,4557,永新-KY,exchange
2019-02-21,71.9,72.0,71.5,71.6,44029,67,3155759,4557,永新-KY,exchange
2019-02-22,71.8,72.0,71.5,71.8,33023,44,2370839,4557,永新-KY,exchange
2019-02-25,71.9,72.0,71.6,71.9,41030,40,2947336,4557,永新-KY,exchange
2019-02-26,72.0,72.0,71.8,71.9,32011,35,2300181,4557,永新-KY,exchange
2019-02-27,71.9,72.0,71.8,72.0,35012,33,2517352,4557,永新-KY,exchange
2019-03-04,72.0,72.5,72.0,72.0,71059,101,5125689,4557,永新-KY,exchange
2019-03-05,72.8,72.8,72.1,72.2,11093,55,801896,4557,永新-KY,exchange
2019-03-06,72.2,72.8,72.2,72.5,38021,44,2756512,4557,永新-KY,exchange
2019-03-07,72.8,74.9,72.8,73.8,146030,119,10767092,4557,永新-KY,exchange
2019-03-08,73.3,74.0,73.3,73.8,57100,45,4205409,4557,永新-KY,exchange
2019-03-11,76.0,77.5,75.3,76.5,329153,225,25074392,4557,永新-KY,exchange
2019-03-12,77.2,78.3,77.0,77.3,191006,138,14791562,4557,永新-KY,exchange
2019-03-13,78.0,78.0,76.3,77.3,116137,156,8985599,4557,永新-KY,exchange
2019-03-14,77.7,77.7,76.5,76.5,136233,142,10502399,4557,永新-KY,exchange
2019-03-15,77.0,77.0,75.3,75.5,113489,122,8616421,4557,永新-KY,exchange
2019-03-18,75.5,75.9,75.4,75.9,91019,81,6882144,4557,永新-KY,exchange
2019-03-19,75.9,75.9,75.5,75.7,61100,70,4628930,4557,永新-KY,exchange
2019-03-20,75.5,76.8,75.5,76.8,38035,42,2887404,4557,永新-KY,exchange
2019-03-21,76.8,76.8,76.0,76.0,18021,39,1374496,4557,永新-KY,exchange
2019-03-22,76.0,76.8,76.0,76.1,47100,54,3593349,4557,永新-KY,exchange
2019-03-25,75.7,75.7,75.4,75.6,32026,46,2419253,4557,永新-KY,exchange
2019-03-26,76.5,76.5,75.5,75.5,75012,63,5688712,4557,永新-KY,exchange
2019-03-27,75.6,75.8,75.3,75.5,38052,42,2872420,4557,永新-KY,exchange
2019-03-28,75.5,76.3,75.5,76.3,26017,39,1972209,4557,永新-KY,exchange
2019-03-29,76.1,76.8,76.1,76.6,21100,44,1616600,4557,永新-KY,exchange
2019-04-01,76.9,77.5,76.3,76.6,60061,99,4618997,4557,永新-KY,exchange
2019-04-02,76.6,76.9,76.5,76.7,43005,37,3299785,4557,永新-KY,exchange
2019-04-03,76.7,76.7,76.3,76.7,38011,29,2911280,4557,永新-KY,exchange
2019-04-08,76.6,76.7,76.2,76.5,25021,37,1911580,4557,永新-KY,exchange
2019-04-09,76.7,76.7,76.0,76.3,77000,48,5867900,4557,永新-KY,exchange
2019-04-10,76.0,76.3,75.8,76.1,57046,62,4338403,4557,永新-KY,exchange
2019-04-11,76.1,76.4,76.0,76.0,92005,55,7002980,4557,永新-KY,exchange
2019-04-12,76.4,76.5,76.0,76.0,60047,38,4571372,4557,永新-KY,exchange
2019-04-15,76.3,76.5,76.2,76.5,46038,33,3515694,4557,永新-KY,exchange
2019-04-16,76.3,76.5,76.2,76.2,73031,37,5578665,4557,永新-KY,exchange
2019-04-17,76.3,76.3,75.4,76.2,87035,37,6624967,4557,永新-KY,exchange
2019-04-18,75.6,75.8,75.5,75.5,96036,52,7268506,4557,永新-KY,exchange
2019-04-19,75.5,75.6,75.5,75.6,28001,27,2114675,4557,永新-KY,exchange
2019-04-22,75.6,75.8,75.6,75.6,27008,26,2042901,4557,永新-KY,exchange
2019-04-23,75.8,75.8,75.4,75.5,19002,15,1434562,4557,永新-KY,exchange
2019-04-24,75.5,75.8,75.5,75.8,12003,14,908340,4557,永新-KY,exchange
2019-04-25,75.6,76.7,75.6,76.7,22002,16,1673564,4557,永新-KY,exchange
2019-04-26,76.5,76.5,76.5,76.5,2001,3,153077,4557,永新-KY,exchange
2019-04-29,75.8,75.8,75.8,75.8,2001,2,151683,4557,永新-KY,exchange
2019-04-30,75.9,76.3,75.9,76.3,38036,29,2896146,4557,永新-KY,exchange
2019-05-02,76.3,76.9,76.3,76.8,77186,31,5917352,4557,永新-KY,exchange
2019-05-03,76.8,77.2,76.8,77.0,34002,23,2617556,4557,永新-KY,exchange
2019-05-06,77.0,77.0,76.2,76.2,66001,34,5045381,4557,永新-KY,exchange
2019-05-07,76.2,76.2,75.9,75.9,74001,37,5624678,4557,永新-KY,exchange
2019-05-08,75.6,76.0,75.6,75.9,38002,21,2884650,4557,永新-KY,exchange
2019-05-09,76.0,76.0,74.7,74.9,80099,56,6040725,4557,永新-KY,exchange
2019-05-10,75.0,75.0,73.9,74.0,85001,55,6335574,4557,永新-KY,exchange
2019-05-13,74.0,74.1,72.5,73.0,82000,55,5999200,4557,永新-KY,exchange
2019-05-14,72.3,72.9,70.1,72.9,61008,62,4354876,4557,永新-KY,exchange
2019-05-15,72.5,72.9,72.5,72.9,19002,18,1383944,4557,永新-KY,exchange
2019-05-16,72.9,72.9,72.0,72.9,8000,8,579800,4557,永新-KY,exchange
2019-05-17,72.2,72.4,72.1,72.1,7000,6,505400,4557,永新-KY,exchange
2019-05-20,72.1,72.1,71.3,71.6,41001,25,2945372,4557,永新-KY,exchange
2019-05-21,71.6,73.0,71.6,73.0,9205,14,663390,4557,永新-KY,exchange
2019-05-22,73.0,73.6,73.0,73.4,6003,9,440522,4557,永新-KY,exchange
2019-05-23,72.0,73.4,72.0,73.4,14001,8,1012473,4557,永新-KY,exchange
2019-05-24,73.0,73.0,72.8,72.8,2001,3,145873,4557,永新-KY,exchange
2019-05-27,73.0,74.0,73.0,73.8,13000,9,956100,4557,永新-KY,exchange
2019-05-28,73.6,73.8,72.2,72.6,26000,19,1901800,4557,永新-KY,exchange
2019-05-29,73.5,73.5,72.8,72.8,5002,5,364844,4557,永新-KY,exchange
2019-05-30,72.1,73.5,72.1,73.5,21011,20,1540714,4557,永新-KY,exchange
2019-05-31,74.4,74.4,73.3,73.3,10152,15,751947,4557,永新-KY,exchange
2019-06-03,73.3,73.7,73.3,73.7,12040,11,885948,4557,永新-KY,exchange
2019-06-04,73.7,73.7,73.7,73.7,4032,3,297158,4557,永新-KY,exchange
2019-06-05,73.7,73.7,72.8,72.8,37000,11,2722200,4557,永新-KY,exchange
2019-06-06,73.0,74.0,73.0,74.0,7101,8,524413,4557,永新-KY,exchange
2019-06-10,74.0,74.5,73.7,73.7,55368,28,4094190,4557,永新-KY,exchange
2019-06-11,75.0,75.0,73.8,74.5,25000,15,1853100,4557,永新-KY,exchange
2019-06-12,74.3,74.5,73.9,74.0,39000,16,2895300,4557,永新-KY,exchange
2019-06-13,73.9,74.0,73.9,74.0,18001,9,1331773,4557,永新-KY,exchange
2019-06-14,74.0,74.4,73.8,74.0,59001,22,4370373,4557,永新-KY,exchange
2019-06-17,74.2,75.0,73.9,73.9,103003,57,7662322,4557,永新-KY,exchange
2019-06-18,73.9,74.1,73.9,74.0,50000,32,3700800,4557,永新-KY,exchange
2019-06-19,74.4,74.4,74.0,74.3,34100,20,2531320,4557,永新-KY,exchange
2019-06-20,74.3,74.5,74.3,74.4,79038,33,5877726,4557,永新-KY,exchange
2019-06-21,74.5,74.6,74.4,74.5,118001,40,8790374,4557,永新-KY,exchange
2019-06-24,74.5,74.5,74.0,74.3,87001,40,6452579,4557,永新-KY,exchange
2019-06-25,74.2,74.2,74.0,74.0,100000,40,7408900,4557,永新-KY,exchange
2019-06-26,73.8,74.1,73.6,74.1,128000,36,9470400,4557,永新-KY,exchange
2019-06-27,74.4,75.1,74.4,74.9,160001,66,11978875,4557,永新-KY,exchange
2019-06-28,75.4,75.4,74.9,75.2,94100,57,7065639,4557,永新-KY,exchange
2019-07-01,75.5,76.1,75.2,76.1,215100,101,16280870,4557,永新-KY,exchange
2019-07-02,76.1,76.5,75.9,76.5,194066,142,14787212,4557,永新-KY,exchange
2019-07-03,70.1,70.8,69.9,70.2,92100,74,6478719,4557,永新-KY,exchange
2019-07-04,70.6,70.6,69.6,69.9,57847,50,4038981,4557,永新-KY,exchange
2019-07-05,69.9,70.3,69.9,70.0,34050,19,2388700,4557,永新-KY,exchange
2019-07-08,70.3,70.3,69.1,69.2,24120,22,1675204,4557,永新-KY,exchange
2019-07-09,69.2,69.2,68.5,68.6,27050,22,1862230,4557,永新-KY,exchange
2019-07-10,68.6,69.4,68.6,69.4,24049,22,1663805,4557,永新-KY,exchange
2019-07-11,69.8,69.8,68.5,69.1,34002,25,2348442,4557,永新-KY,exchange
2019-07-12,70.2,70.3,69.2,69.2,12000,12,836400,4557,永新-KY,exchange
2019-07-15,69.5,69.5,68.8,68.8,21002,19,1448338,4557,永新-KY,exchange
2019-07-16,68.0,68.7,67.5,67.8,84359,65,5717112,4557,永新-KY,exchange
2019-07-17,67.5,68.8,67.5,67.6,33031,27,2239908,4557,永新-KY,exchange
2019-07-18,68.5,68.5,67.4,68.1,52036,28,3518958,4557,永新-KY,exchange
2019-07-19,67.8,67.9,67.2,67.8,23409,23,1582528,4557,永新-KY,exchange
2019-07-22,67.8,68.3,67.4,68.2,47100,31,3199470,4557,永新-KY,exchange
2019-07-23,67.5,68.2,67.5,67.7,28529,25,1932618,4557,永新-KY,exchange
2019-07-24,68.3,68.4,67.7,68.0,52140,34,3543260,4557,永新-KY,exchange
2019-07-25,68.2,68.3,68.1,68.3,23001,18,1567469,4557,永新-KY,exchange
2019-07-26,68.3,68.4,68.1,68.2,16000,15,1092400,4557,永新-KY,exchange
2019-07-29,68.1,68.3,67.7,67.9,16001,15,1087668,4557,永新-KY,exchange
2019-07-30,68.5,68.5,67.6,68.0,13480,17,914981,4557,永新-KY,exchange
2019-07-31,68.2,68.2,67.8,68.0,18009,18,1223213,4557,永新-KY,exchange
2019-08-01,67.8,67.8,67.7,67.8,9001,9,609873,4557,永新-KY,exchange
2019-08-02,67.6,67.8,67.5,67.6,41000,28,2772800,4557,永新-KY,exchange
2019-08-05,67.5,68.3,67.5,68.0,41000,33,2778800,4557,永新-KY,exchange
2019-08-06,67.7,68.2,67.5,68.2,29000,27,1967500,4557,永新-KY,exchange
2019-08-07,68.2,68.6,68.2,68.4,30120,24,2059743,4557,永新-KY,exchange
2019-08-08,68.7,69.0,68.5,68.9,32279,27,2218690,4557,永新-KY,exchange
2019-08-12,69.0,70.6,69.0,69.9,64000,47,4483100,4557,永新-KY,exchange
2019-08-13,70.1,70.1,69.0,69.1,24241,25,1684552,4557,永新-KY,exchange
2019-08-14,69.5,70.2,69.3,70.0,84120,58,5861716,4557,永新-KY,exchange
2019-08-15,69.8,69.8,69.2,69.5,30000,25,2081900,4557,永新-KY,exchange
2019-08-16,69.8,70.1,69.5,70.1,47481,40,3318717,4557,永新-KY,exchange
2019-08-19,70.2,70.3,69.5,69.7,36007,43,2514590,4557,永新-KY,exchange
2019-08-20,69.6,69.9,69.4,69.7,22000,18,1530700,4557,永新-KY,exchange
2019-08-21,69.7,69.8,69.1,69.4,25000,23,1736600,4557,永新-KY,exchange
2019-08-22,69.8,70.0,68.0,68.3,65013,56,4465602,4557,永新-KY,exchange
2019-08-23,68.0,68.0,67.0,67.5,108120,89,7279234,4557,永新-KY,exchange
2019-08-26,66.5,67.0,66.5,66.5,124003,88,8277901,4557,永新-KY,exchange
2019-08-27,66.6,67.3,66.1,67.1,367689,334,24493494,4557,永新-KY,exchange
2019-08-28,67.3,69.6,67.3,69.2,271799,218,18709800,4557,永新-KY,exchange
2019-08-29,69.8,70.2,69.1,69.6,154049,128,10727702,4557,永新-KY,exchange
2019-08-30,69.8,69.8,68.8,69.0,127415,110,8825634,4557,永新-KY,exchange
2019-09-02,69.0,69.9,69.0,69.4,101965,90,7096367,4557,永新-KY,exchange
2019-09-03,69.8,69.8,69.3,69.7,48340,43,3358895,4557,永新-KY,exchange
2019-09-04,70.0,70.0,69.5,69.9,33881,42,2362280,4557,永新-KY,exchange
2019-09-05,69.5,69.9,69.5,69.9,30160,30,2101800,4557,永新-KY,exchange
2019-09-06,69.9,70.9,69.9,70.5,157512,130,11104392,4557,永新-KY,exchange
2019-09-09,71.0,71.0,70.3,70.5,31380,33,2212549,4557,永新-KY,exchange
2019-09-10,70.0,70.2,69.6,70.1,69807,58,4880590,4557,永新-KY,exchange
2019-09-11,70.0,70.0,69.2,69.6,46074,45,3210242,4557,永新-KY,exchange
2019-09-12,70.3,70.3,69.5,70.0,26001,25,1813069,4557,永新-KY,exchange
2019-09-16,69.9,70.3,69.9,69.9,11442,12,801540,4557,永新-KY,exchange
2019-09-17,69.8,69.9,69.7,69.7,12000,9,836900,4557,永新-KY,exchange
2019-09-18,70.0,70.1,69.9,70.0,25121,23,1758108,4557,永新-KY,exchange
2019-09-19,70.0,70.1,69.9,69.9,10892,17,761947,4557,永新-KY,exchange
2019-09-20,69.8,70.2,69.8,69.8,33631,27,2353943,4557,永新-KY,exchange
2019-09-23,70.4,70.4,70.0,70.1,14187,18,994407,4557,永新-KY,exchange
2019-09-24,70.4,70.4,69.6,69.6,14001,14,977870,4557,永新-KY,exchange
2019-09-25,70.1,70.1,69.2,69.7,20255,20,1408372,4557,永新-KY,exchange
2019-09-26,70.0,70.0,69.3,69.3,31000,26,2159900,4557,永新-KY,exchange
2019-09-27,70.0,70.0,69.3,69.3,18319,19,1271816,4557,永新-KY,exchange
2019-10-01,69.4,69.4,68.8,69.0,17245,18,1189526,4557,永新-KY,exchange
2019-10-02,68.9,69.0,68.8,69.0,10562,13,728212,4557,永新-KY,exchange
2019-10-03,69.0,70.0,69.0,69.6,11000,8,761100,4557,永新-KY,exchange
2019-10-04,69.3,69.4,69.2,69.4,14000,13,969600,4557,永新-KY,exchange
2019-10-07,70.0,70.0,69.5,69.5,3080,4,215064,4557,永新-KY,exchange
2019-10-08,68.9,69.8,68.9,69.1,23000,17,1589400,4557,永新-KY,exchange
2019-10-09,69.1,69.4,69.1,69.3,14720,14,1020411,4557,永新-KY,exchange
2019-10-14,69.9,69.9,69.2,69.4,33050,29,2299740,4557,永新-KY,exchange
2019-10-15,69.4,69.6,69.2,69.2,27841,21,1931665,4557,永新-KY,exchange
2019-10-16,69.1,69.5,69.1,69.5,48000,25,3322900,4557,永新-KY,exchange
2019-10-17,69.4,69.9,69.1,69.7,53360,17,3693720,4557,永新-KY,exchange
2019-10-18,69.4,69.8,69.3,69.6,30360,22,2108790,4557,永新-KY,exchange
2019-10-21,70.0,70.2,69.5,70.0,92855,55,6495733,4557,永新-KY,exchange
2019-10-22,69.6,70.2,69.5,70.2,37120,21,2597339,4557,永新-KY,exchange
2019-10-23,70.2,70.3,69.7,69.8,45000,24,3148100,4557,永新-KY,exchange
2019-10-24,69.8,70.0,69.8,69.9,15202,13,1063240,4557,永新-KY,exchange
2019-10-25,70.0,71.5,70.0,71.4,76399,59,5398029,4557,永新-KY,exchange
2019-10-28,72.0,72.2,71.4,71.4,90393,80,6497681,4557,永新-KY,exchange
2019-10-29,71.4,71.4,70.4,70.8,35446,35,2505363,4557,永新-KY,exchange
2019-10-30,70.8,71.1,70.5,70.5,34045,23,2413458,4557,永新-KY,exchange
2019-10-31,70.5,71.8,70.5,70.7,33435,30,2365710,4557,永新-KY,exchange
2019-11-01,71.4,71.4,70.7,70.8,14135,14,1001057,4557,永新-KY,exchange
2019-11-04,70.8,71.0,70.4,70.7,46222,37,3263714,4557,永新-KY,exchange
2019-11-05,70.7,70.7,70.3,70.3,23732,18,1672705,4557,永新-KY,exchange
2019-11-06,70.3,70.4,70.0,70.1,26198,23,1838718,4557,永新-KY,exchange
2019-11-07,70.1,70.1,69.8,69.8,41001,27,2867570,4557,永新-KY,exchange
2019-11-08,70.0,70.0,69.5,69.9,77440,49,5392200,4557,永新-KY,exchange
2019-11-11,69.6,69.6,68.0,68.5,81000,53,5565000,4557,永新-KY,exchange
2019-11-12,68.5,68.7,68.5,68.7,16579,19,1136633,4557,永新-KY,exchange
2019-11-13,69.0,69.6,68.8,69.6,20514,18,1421682,4557,永新-KY,exchange
2019-11-14,69.5,69.5,69.3,69.4,24480,15,1698700,4557,永新-KY,exchange
2019-11-15,69.8,69.9,69.6,69.9,14002,12,976640,4557,永新-KY,exchange
2019-11-18,69.0,69.8,69.0,69.4,25240,23,1754600,4557,永新-KY,exchange
2019-11-19,69.4,69.4,69.0,69.2,56034,39,3878957,4557,永新-KY,exchange
2019-11-20,69.2,69.4,69.1,69.3,16120,17,1116715,4557,永新-KY,exchange
2019-11-21,69.3,69.4,69.3,69.3,15500,16,1074250,4557,永新-KY,exchange
2019-11-22,70.0,70.0,69.5,70.0,38310,26,2678000,4557,永新-KY,exchange
2019-11-25,70.0,70.2,69.9,69.9,39815,34,2788868,4557,永新-KY,exchange
2019-11-26,69.9,69.9,69.7,69.7,52000,32,3628400,4557,永新-KY,exchange
2019-11-27,69.7,69.9,69.7,69.7,25045,20,1747950,4557,永新-KY,exchange
2019-11-28,69.8,70.0,69.8,70.0,29000,20,2027800,4557,永新-KY,exchange
2019-11-29,69.8,70.0,69.7,69.7,27150,25,1893600,4557,永新-KY,exchange
2019-12-02,69.7,70.0,69.4,70.0,31011,22,2158764,4557,永新-KY,exchange
2019-12-03,69.9,70.0,69.7,70.0,38000,21,2658100,4557,永新-KY,exchange
2019-12-04,69.8,70.1,69.8,70.1,18601,18,1300909,4557,永新-KY,exchange
2019-12-05,70.0,70.4,70.0,70.0,42076,32,2950627,4557,永新-KY,exchange
2019-12-06,70.0,70.3,70.0,70.0,28562,24,2001552,4557,永新-KY,exchange
2019-12-09,69.5,70.0,69.3,70.0,30065,26,2092742,4557,永新-KY,exchange
2019-12-10,69.7,70.0,69.7,69.9,23004,20,1607780,4557,永新-KY,exchange
2019-12-11,69.8,70.2,69.8,70.0,23002,20,1610640,4557,永新-KY,exchange
2019-12-12,70.0,70.1,69.6,70.0,34001,23,2374070,4557,永新-KY,exchange
2019-12-13,70.0,70.0,69.6,70.0,29051,21,2026064,4557,永新-KY,exchange
2019-12-16,70.0,70.0,69.6,70.0,50451,34,3522670,4557,永新-KY,exchange
2019-12-17,70.0,70.0,69.7,70.0,28360,25,1980019,4557,永新-KY,exchange
2019-12-18,69.9,70.2,69.8,69.9,24121,24,1687093,4557,永新-KY,exchange
2019-12-19,70.0,70.0,69.9,69.9,9000,9,629400,4557,永新-KY,exchange
2019-12-20,69.8,70.0,69.7,70.0,21243,16,1481461,4557,永新-KY,exchange
2019-12-23,70.0,70.0,69.6,69.7,71201,19,4972529,4557,永新-KY,exchange
2019-12-24,69.7,69.9,69.6,69.6,15005,14,1046248,4557,永新-KY,exchange
2019-12-25,69.8,69.9,69.8,69.9,18321,13,1279905,4557,永新-KY,exchange
2019-12-26,69.9,69.9,69.8,69.8,13158,18,919222,4557,永新-KY,exchange
2019-12-27,69.8,72.0,69.8,70.9,174021,99,12296078,4557,永新-KY,exchange
2019-12-30,70.9,70.9,70.4,70.9,37482,39,2650536,4557,永新-KY,exchange
2019-12-31,70.9,70.9,70.7,70.7,8202,9,580300,4557,永新-KY,exchange
2020-01-02,70.5,70.8,70.2,70.7,24001,23,1692170,4557,永新-KY,exchange
2020-01-03,70.7,70.8,70.5,70.6,25404,29,1793180,4557,永新-KY,exchange
2020-01-06,70.6,70.6,70.1,70.4,16050,16,1127100,4557,永新-KY,exchange
2020-01-07,70.0,70.3,69.8,70.3,30000,24,2099800,4557,永新-KY,exchange
2020-01-08,70.3,70.3,69.9,69.9,21001,19,1470370,4557,永新-KY,exchange
2020-01-09,70.0,70.0,69.9,69.9,24005,19,1679248,4557,永新-KY,exchange
2020-01-10,70.0,70.3,70.0,70.0,22042,23,1546632,4557,永新-KY,exchange
2020-01-13,70.0,70.1,69.9,70.0,35203,17,2463410,4557,永新-KY,exchange
2020-01-14,70.1,70.3,70.1,70.1,19509,19,1369080,4557,永新-KY,exchange
2020-01-15,70.8,70.8,70.1,70.5,19003,17,1337710,4557,永新-KY,exchange
2020-01-16,70.0,70.7,69.9,70.7,71002,41,4984340,4557,永新-KY,exchange
2020-01-17,70.9,71.3,70.6,71.1,75505,50,5362655,4557,永新-KY,exchange
2020-01-20,71.5,72.5,71.3,71.4,115764,76,8308082,4557,永新-KY,exchange
2020-01-30,70.1,70.1,69.4,69.5,127600,106,8889700,4557,永新-KY,exchange
2020-01-31,69.0,70.5,69.0,69.9,72003,45,5002210,4557,永新-KY,exchange
2020-02-03,69.0,69.0,67.5,68.5,55135,50,3768941,4557,永新-KY,exchange
2020-02-04,69.0,70.9,68.7,69.5,40001,24,2768269,4557,永新-KY,exchange
2020-02-05,69.2,69.5,69.2,69.2,25607,28,1773104,4557,永新-KY,exchange
2020-02-06,69.2,69.8,69.2,69.6,10773,18,749697,4557,永新-KY,exchange
2020-02-07,70.0,70.0,69.1,69.1,37008,38,2561252,4557,永新-KY,exchange
2020-02-10,69.0,69.2,68.5,69.0,14015,29,966135,4557,永新-KY,exchange
2020-02-11,68.7,69.0,68.7,69.0,3200,20,220518,4557,永新-KY,exchange
2020-02-12,68.9,69.9,68.9,69.6,37009,30,2575730,4557,永新-KY,exchange
2020-02-13,70.0,70.0,69.1,69.1,16028,31,1113439,4557,永新-KY,exchange
2020-02-14,69.4,69.4,69.1,69.1,7022,27,486118,4557,永新-KY,exchange
2020-02-17,69.0,69.0,68.5,68.8,30726,104,2112453,4557,永新-KY,exchange
2020-02-18,68.8,69.0,68.8,69.0,10033,42,691577,4557,永新-KY,exchange
2020-02-19,68.8,69.4,68.8,68.9,17414,32,1202865,4557,永新-KY,exchange
2020-02-20,69.0,69.1,68.8,68.9,27240,37,1878623,4557,永新-KY,exchange
2020-02-21,69.0,69.0,68.7,68.8,35437,68,2441898,4557,永新-KY,exchange
2020-02-24,69.4,69.4,68.5,68.5,19222,39,1319198,4557,永新-KY,exchange
2020-02-25,68.5,68.6,68.5,68.6,16842,44,1153456,4557,永新-KY,exchange
2020-02-26,69.0,69.0,68.6,68.7,5006,11,344114,4557,永新-KY,exchange
2020-02-27,68.7,68.7,68.5,68.7,25728,51,1765295,4557,永新-KY,exchange
2020-03-02,68.7,69.0,68.6,68.7,41191,47,2830610,4557,永新-KY,exchange
2020-03-03,69.2,69.4,69.0,69.2,33200,25,2296795,4557,永新-KY,exchange
2020-03-04,68.8,68.9,68.8,68.9,9014,21,620966,4557,永新-KY,exchange
2020-03-05,69.0,69.3,69.0,69.3,21207,23,1466423,4557,永新-KY,exchange
2020-03-06,68.9,69.0,68.9,69.0,6011,16,414348,4557,永新-KY,exchange
2020-03-09,69.0,69.0,68.0,68.0,83013,59,5679474,4557,永新-KY,exchange
2020-03-10,68.0,68.2,67.7,67.9,44098,70,2998464,4557,永新-KY,exchange
2020-03-11,68.0,68.5,68.0,68.3,50359,76,3432806,4557,永新-KY,exchange
2020-03-12,68.3,68.3,66.1,66.5,107207,142,7134362,4557,永新-KY,exchange
2020-03-13,64.0,64.0,62.5,63.2,185274,169,11700710,4557,永新-KY,exchange
2020-03-16,63.6,64.0,63.2,63.2,98889,90,6276907,4557,永新-KY,exchange
2020-03-17,62.1,63.0,61.2,62.0,108477,110,6745274,4557,永新-KY,exchange
2020-03-18,61.9,61.9,61.1,61.3,109621,105,6748881,4557,永新-KY,exchange
2020-03-19,60.1,60.7,56.0,57.5,182331,145,10564367,4557,永新-KY,exchange
2020-03-20,57.7,61.0,57.7,58.6,100600,83,5973052,4557,永新-KY,exchange
2020-03-23,57.0,59.1,56.5,56.7,102024,84,5805852,4557,永新-KY,exchange
2020-03-24,58.0,59.5,57.5,58.2,47043,63,2741608,4557,永新-KY,exchange
2020-03-25,59.0,59.5,59.0,59.0,92235,92,5467237,4557,永新-KY,exchange
2020-03-26,59.0,59.5,58.8,59.3,146902,89,8672983,4557,永新-KY,exchange
2020-03-27,60.0,60.5,59.7,59.7,104061,63,6250021,4557,永新-KY,exchange
2020-03-30,59.7,59.8,59.5,59.6,41050,61,2447250,4557,永新-KY,exchange
2020-03-31,60.0,60.3,59.5,59.7,25015,38,1494745,4557,永新-KY,exchange
2020-04-01,61.2,61.2,60.1,60.1,28024,45,1699812,4557,永新-KY,exchange
2020-04-06,60.9,60.9,60.0,60.2,43009,36,2591776,4557,永新-KY,exchange
2020-04-07,60.5,60.8,60.1,60.6,54657,65,3302291,4557,永新-KY,exchange
2020-04-08,60.8,63.5,60.2,63.0,99362,79,6106706,4557,永新-KY,exchange
2020-04-09,63.0,63.9,62.7,62.7,22055,25,1389565,4557,永新-KY,exchange
2020-04-10,63.5,63.5,63.0,63.3,34063,27,2153114,4557,永新-KY,exchange
2020-04-13,63.1,64.6,62.5,62.8,31732,41,2005335,4557,永新-KY,exchange
2020-04-14,63.7,63.7,63.2,63.7,29309,34,1859076,4557,永新-KY,exchange
2020-04-15,64.0,66.1,64.0,66.0,50634,56,3281244,4557,永新-KY,exchange
2020-04-16,66.0,66.0,65.0,65.0,35071,36,2294886,4557,永新-KY,exchange
2020-04-17,65.5,65.7,64.9,64.9,78003,59,5086107,4557,永新-KY,exchange
2020-04-20,65.9,65.9,65.0,65.2,7129,14,465131,4557,永新-KY,exchange
2020-04-21,65.2,65.2,63.7,63.9,51113,44,3284575,4557,永新-KY,exchange
2020-04-22,63.9,64.2,63.5,64.2,15006,17,959080,4557,永新-KY,exchange
2020-04-23,64.2,64.3,63.8,64.3,8053,12,515992,4557,永新-KY,exchange
2020-04-24,64.5,64.5,63.5,63.7,12014,14,766955,4557,永新-KY,exchange
2020-04-27,63.8,65.0,63.8,65.0,18003,18,1160004,4557,永新-KY,exchange
2020-04-28,65.8,65.8,65.3,65.4,25000,19,1636200,4557,永新-KY,exchange
2020-04-29,66.0,66.0,65.5,66.0,25052,24,1645720,4557,永新-KY,exchange
2020-04-30,66.3,67.9,66.3,67.5,50101,41,3364067,4557,永新-KY,exchange
2020-05-04,67.2,67.2,66.0,67.0,25020,29,1676828,4557,永新-KY,exchange
2020-05-05,67.0,67.7,66.9,67.1,17256,18,1160448,4557,永新-KY,exchange
2020-05-06,67.1,67.5,67.1,67.2,47100,40,3171336,4557,永新-KY,exchange
2020-05-07,67.0,67.6,67.0,67.5,14088,16,950139,4557,永新-KY,exchange
2020-05-08,67.8,67.8,67.5,67.8,12203,20,824656,4557,永新-KY,exchange
2020-05-11,68.6,68.8,68.3,68.3,35008,34,2399346,4557,永新-KY,exchange
2020-05-12,68.8,68.9,68.0,68.1,22642,23,1553219,4557,永新-KY,exchange
2020-05-13,68.7,68.8,68.1,68.2,12205,17,835099,4557,永新-KY,exchange
2020-05-14,68.1,68.1,67.6,67.6,11070,19,750115,4557,永新-KY,exchange
2020-05-15,68.2,68.3,67.2,67.7,14001,13,945767,4557,永新-KY,exchange
2020-05-18,67.5,68.0,67.0,67.0,9001,9,606968,4557,永新-KY,exchange
2020-05-19,67.5,67.5,67.4,67.4,7002,9,472332,4557,永新-KY,exchange
2020-05-20,67.4,67.5,67.1,67.5,26244,22,1765772,4557,永新-KY,exchange
2020-05-21,67.7,68.3,67.7,68.3,31032,29,2112082,4557,永新-KY,exchange
2020-05-22,68.3,68.3,67.5,68.0,27460,22,1858272,4557,永新-KY,exchange
2020-05-25,67.7,68.0,67.7,68.0,14001,13,949668,4557,永新-KY,exchange
2020-05-26,68.5,68.5,68.0,68.3,26121,25,1780864,4557,永新-KY,exchange
2020-05-27,69.0,69.0,68.3,68.8,23102,24,1587025,4557,永新-KY,exchange
2020-05-28,69.4,69.4,68.5,68.7,13000,8,893500,4557,永新-KY,exchange
2020-05-29,68.4,68.9,68.0,68.7,13016,17,889888,4557,永新-KY,exchange
2020-06-01,68.7,68.9,68.7,68.8,19093,14,1313388,4557,永新-KY,exchange
2020-06-02,68.9,69.0,68.8,68.8,8000,8,550900,4557,永新-KY,exchange
2020-06-03,69.0,69.4,68.8,69.4,29070,28,2006523,4557,永新-KY,exchange
2020-06-04,69.6,70.0,67.2,69.9,101024,85,6995304,4557,永新-KY,exchange
2020-06-05,70.2,71.0,70.0,70.3,66240,62,4667503,4557,永新-KY,exchange
2020-06-08,71.0,71.0,70.3,70.3,50258,48,3537660,4557,永新-KY,exchange
2020-06-09,70.3,71.0,70.3,70.7,28015,24,1976050,4557,永新-KY,exchange
2020-06-10,70.7,72.1,70.5,71.5,96428,80,6858000,4557,永新-KY,exchange
2020-06-11,71.5,71.6,69.2,69.7,108101,81,7581418,4557,永新-KY,exchange
2020-06-12,68.6,70.3,68.1,70.2,78215,63,5435692,4557,永新-KY,exchange
2020-06-15,70.2,70.2,69.5,69.8,34306,31,2396357,4557,永新-KY,exchange
2020-06-16,70.9,70.9,69.2,70.4,39001,31,2740669,4557,永新-KY,exchange
2020-06-17,70.0,70.3,69.8,70.1,33381,28,2338707,4557,永新-KY,exchange
2020-06-18,70.1,71.4,70.1,71.0,78140,57,5528656,4557,永新-KY,exchange
2020-06-19,70.6,70.9,70.5,70.9,8001,9,564570,4557,永新-KY,exchange
2020-06-22,70.7,70.8,70.1,70.5,63993,55,4501905,4557,永新-KY,exchange
2020-06-23,70.0,70.5,70.0,70.4,91046,59,6389638,4557,永新-KY,exchange
2020-06-24,70.5,70.9,70.5,70.6,129480,102,9147640,4557,永新-KY,exchange
2020-06-29,65.6,65.7,64.5,65.0,117729,106,7672635,4557,永新-KY,exchange
2020-06-30,65.4,65.5,64.5,64.5,74361,60,4823382,4557,永新-KY,exchange
2020-07-01,64.5,65.0,64.3,64.8,46123,35,2980132,4557,永新-KY,exchange
2020-07-02,64.8,64.9,64.5,64.8,42387,34,2746398,4557,永新-KY,exchange
2020-07-03,64.6,64.7,63.9,64.2,27254,25,1747806,4557,永新-KY,exchange
2020-07-06,66.3,66.3,64.9,64.9,59120,40,3851283,4557,永新-KY,exchange
2020-07-07,65.4,65.4,64.6,65.0,21041,19,1367360,4557,永新-KY,exchange
2020-07-08,65.0,65.0,64.5,64.5,13773,20,889645,4557,永新-KY,exchange
2020-07-09,64.5,64.5,63.9,64.1,44401,40,2846064,4557,永新-KY,exchange
2020-07-10,64.2,64.2,61.9,63.4,113086,103,7103298,4557,永新-KY,exchange
2020-07-13,63.4,63.4,62.5,62.9,30520,30,1915780,4557,永新-KY,exchange
2020-07-14,62.9,63.9,62.6,63.9,20031,20,1260384,4557,永新-KY,exchange
2020-07-15,63.3,63.3,62.9,63.1,25312,27,1597636,4557,永新-KY,exchange
2020-07-16,63.1,63.1,62.6,63.1,8000,8,502900,4557,永新-KY,exchange
2020-07-17,63.9,63.9,62.8,62.8,15134,16,952276,4557,永新-KY,exchange
2020-07-20,62.3,62.8,62.0,62.8,21003,20,1310898,4557,永新-KY,exchange
2020-07-21,62.2,62.9,62.2,62.8,47374,43,2963473,4557,永新-KY,exchange
2020-07-22,62.8,63.0,62.6,62.7,25240,28,1584170,4557,永新-KY,exchange
2020-07-23,62.7,63.6,62.7,62.8,14962,20,939212,4557,永新-KY,exchange
2020-07-24,62.9,63.0,61.9,62.0,54000,43,3365000,4557,永新-KY,exchange
2020-07-27,62.0,64.0,60.9,61.0,112130,77,6877130,4557,永新-KY,exchange
2020-07-28,61.0,62.7,60.2,60.4,29000,28,1758100,4557,永新-KY,exchange
2020-07-29,60.9,61.6,60.8,61.0,13837,17,849342,4557,永新-KY,exchange
2020-07-30,61.9,61.9,61.4,61.4,16001,16,985662,4557,永新-KY,exchange
2020-07-31,61.4,61.6,61.3,61.3,18002,18,1106030,4557,永新-KY,exchange
2020-08-03,62.7,62.7,61.0,61.8,16003,15,986095,4557,永新-KY,exchange
2020-08-04,62.5,63.3,61.7,61.7,30001,26,1863762,4557,永新-KY,exchange
2020-08-05,61.2,62.0,61.1,61.7,31000,27,1908600,4557,永新-KY,exchange
2020-08-06,61.7,61.9,61.3,61.8,13761,16,850706,4557,永新-KY,exchange
2020-08-07,61.8,61.9,61.4,61.5,13007,18,800462,4557,永新-KY,exchange
2020-08-10,61.3,61.7,61.1,61.5,26001,25,1590566,4557,永新-KY,exchange
2020-08-11,61.5,61.5,61.0,61.2,29002,26,1771530,4557,永新-KY,exchange
2020-08-12,61.0,61.0,60.7,61.0,15240,16,928086,4557,永新-KY,exchange
2020-08-13,61.5,61.9,61.0,61.1,32482,27,1992448,4557,永新-KY,exchange
2020-08-14,61.6,61.6,61.1,61.1,14001,11,857861,4557,永新-KY,exchange
2020-08-17,61.2,61.2,60.8,61.0,52004,35,3170848,4557,永新-KY,exchange
2020-08-18,61.0,61.4,61.0,61.4,22000,14,1344400,4557,永新-KY,exchange
2020-08-19,61.5,61.5,61.0,61.3,13003,14,795186,4557,永新-KY,exchange
2020-08-20,61.0,61.0,60.0,60.0,73001,54,4417963,4557,永新-KY,exchange
2020-08-21,60.9,60.9,60.5,60.5,10377,14,629032,4557,永新-KY,exchange
2020-08-24,60.5,60.5,60.2,60.2,20115,32,1212153,4557,永新-KY,exchange
2020-08-25,61.0,61.0,60.5,61.0,7200,9,438720,4557,永新-KY,exchange
2020-08-26,60.5,61.1,60.3,61.0,18107,18,1098827,4557,永新-KY,exchange
2020-08-27,61.0,61.5,60.9,61.2,17088,16,1044185,4557,永新-KY,exchange
2020-08-28,61.2,61.3,60.8,61.2,18000,14,1097100,4557,永新-KY,exchange
2020-08-31,61.2,61.2,60.9,60.9,6001,6,365761,4557,永新-KY,exchange
2020-09-01,61.0,61.0,60.8,61.0,19082,11,1163602,4557,永新-KY,exchange
2020-09-02,61.2,61.2,61.0,61.0,52001,23,3174165,4557,永新-KY,exchange
2020-09-03,61.0,61.9,61.0,61.2,22721,25,1388490,4557,永新-KY,exchange
2020-09-04,61.1,61.2,60.7,60.7,14003,17,853983,4557,永新-KY,exchange
2020-09-07,60.7,60.8,60.6,60.6,11000,10,667400,4557,永新-KY,exchange
2020-09-08,61.0,61.0,60.6,60.7,12026,15,730276,4557,永新-KY,exchange
2020-09-09,60.5,60.7,60.5,60.7,7383,12,447446,4557,永新-KY,exchange
2020-09-10,61.0,61.0,60.6,61.0,14120,17,859531,4557,永新-KY,exchange
2020-09-11,61.1,61.4,60.7,60.7,30035,35,1832744,4557,永新-KY,exchange
2020-09-14,60.7,60.8,60.7,60.8,23470,20,1424729,4557,永新-KY,exchange
2020-09-15,60.7,61.0,60.6,61.0,16001,13,972361,4557,永新-KY,exchange
2020-09-16,61.1,61.1,60.7,60.8,32240,27,1963667,4557,永新-KY,exchange
2020-09-17,60.8,61.5,60.8,61.5,4480,6,273324,4557,永新-KY,exchange
2020-09-18,61.6,62.0,60.8,61.8,35365,25,2176683,4557,永新-KY,exchange
2020-09-21,62.0,62.3,62.0,62.1,16000,15,993300,4557,永新-KY,exchange
2020-09-22,61.9,61.9,61.7,61.7,4182,8,258327,4557,永新-KY,exchange
2020-09-23,61.5,61.5,61.5,61.5,2206,3,135669,4557,永新-KY,exchange
2020-09-24,61.5,61.9,60.8,61.1,12000,12,736300,4557,永新-KY,exchange
2020-09-25,61.1,61.5,60.7,60.7,10300,10,629489,4557,永新-KY,exchange
2020-09-28,60.7,61.0,60.7,61.0,23435,20,1425947,4557,永新-KY,exchange
2020-09-29,61.0,61.4,60.5,61.3,11000,9,670400,4557,永新-KY,exchange
2020-09-30,61.9,61.9,61.1,61.7,7001,5,429161,4557,永新-KY,exchange
2020-10-05,61.9,61.9,61.5,61.8,5104,13,315031,4557,永新-KY,exchange
2020-10-06,61.8,62.3,61.6,61.7,24251,21,1501785,4557,永新-KY,exchange
2020-10-07,61.5,61.9,61.5,61.9,6306,9,389080,4557,永新-KY,exchange
2020-10-08,61.8,61.8,61.5,61.8,25001,14,1543361,4557,永新-KY,exchange
2020-10-12,62.0,62.0,61.6,61.9,60051,34,3715735,4557,永新-KY,exchange
2020-10-13,62.0,62.1,61.7,61.9,27008,27,1671192,4557,永新-KY,exchange
2020-10-14,62.0,62.0,61.8,61.8,13001,12,804361,4557,永新-KY,exchange
2020-10-15,61.8,62.0,61.5,62.0,13000,11,803500,4557,永新-KY,exchange
2020-10-16,62.4,62.5,62.3,62.5,26000,21,1623100,4557,永新-KY,exchange
2020-10-19,62.6,62.7,62.4,62.6,30103,24,1884089,4557,永新-KY,exchange
2020-10-20,63.0,63.0,62.3,62.9,16002,15,1002824,4557,永新-KY,exchange
2020-10-21,62.2,62.8,62.2,62.6,18081,14,1131162,4557,永新-KY,exchange
2020-10-22,62.1,62.6,62.1,62.6,13022,16,813786,4557,永新-KY,exchange
2020-10-23,62.5,62.5,62.2,62.4,28000,18,1747200,4557,永新-KY,exchange
2020-10-26,62.0,63.2,62.0,63.2,19558,22,1216296,4557,永新-KY,exchange
2020-10-27,62.7,62.7,62.5,62.6,14203,15,888386,4557,永新-KY,exchange
2020-10-28,62.5,62.5,61.8,62.4,9002,11,561124,4557,永新-KY,exchange
2020-10-29,62.3,62.3,62.3,62.3,5001,5,311562,4557,永新-KY,exchange
2020-10-30,62.7,62.7,61.6,61.7,23000,18,1427700,4557,永新-KY,exchange
2020-11-02,63.3,63.3,62.5,62.5,5003,8,314091,4557,永新-KY,exchange
2020-11-03,62.6,62.6,62.5,62.5,8003,9,500886,4557,永新-KY,exchange
2020-11-04,62.7,62.7,62.5,62.5,2005,7,125504,4557,永新-KY,exchange
2020-11-05,61.0,62.8,61.0,62.4,6084,16,377064,4557,永新-KY,exchange
2020-11-06,62.4,62.4,62.0,62.3,10020,12,623830,4557,永新-KY,exchange
2020-11-09,62.3,62.3,61.7,62.2,20104,22,1246277,4557,永新-KY,exchange
2020-11-10,62.0,62.1,61.7,62.1,32120,31,1987304,4557,永新-KY,exchange
2020-11-11,61.6,62.1,61.6,62.0,19515,32,1206420,4557,永新-KY,exchange
2020-11-12,62.2,62.2,61.6,61.6,4155,10,256915,4557,永新-KY,exchange
2020-11-13,61.7,62.1,61.6,62.1,17404,17,1075845,4557,永新-KY,exchange
2020-11-16,62.0,62.0,61.7,62.0,7130,8,441638,4557,永新-KY,exchange
2020-11-17,62.4,62.4,62.1,62.3,47090,17,2936251,4557,永新-KY,exchange
2020-11-18,62.3,62.5,62.0,62.4,23223,20,1448253,4557,永新-KY,exchange
2020-11-19,62.6,62.6,62.2,62.5,22735,32,1418427,4557,永新-KY,exchange
2020-11-20,62.6,62.6,62.2,62.2,10123,15,630960,4557,永新-KY,exchange
2020-11-23,62.2,62.5,62.2,62.5,27002,16,1681426,4557,永新-KY,exchange
2020-11-24,62.4,62.6,62.3,62.6,15149,25,945547,4557,永新-KY,exchange
2020-11-25,62.5,62.6,62.2,62.6,21417,29,1337805,4557,永新-KY,exchange
2020-11-26,62.8,62.8,62.1,62.8,66932,22,4172278,4557,永新-KY,exchange
2020-11-27,63.0,63.0,62.8,62.9,7006,13,440380,4557,永新-KY,exchange
2020-11-30,62.8,62.9,62.2,62.9,13032,19,817032,4557,永新-KY,exchange
2020-12-01,62.4,62.6,62.4,62.6,11120,9,695310,4557,永新-KY,exchange
2020-12-02,62.5,62.6,62.4,62.5,17204,20,1074874,4557,永新-KY,exchange
2020-12-03,61.9,62.4,61.9,62.4,9002,10,559124,4557,永新-KY,exchange
2020-12-04,62.1,62.3,61.2,61.9,77251,53,4791262,4557,永新-KY,exchange
2020-12-07,61.9,61.9,61.5,61.7,25006,26,1542472,4557,永新-KY,exchange
2020-12-08,61.6,62.0,61.3,62.0,32691,30,2016491,4557,永新-KY,exchange
2020-12-09,62.3,63.0,62.0,62.8,21614,16,1347390,4557,永新-KY,exchange
2020-12-10,62.4,62.4,61.8,61.9,18040,16,1118816,4557,永新-KY,exchange
2020-12-11,62.4,62.4,61.5,61.8,18740,20,1159308,4557,永新-KY,exchange
2020-12-14,63.0,63.0,61.6,61.9,14004,16,866248,4557,永新-KY,exchange
2020-12-15,61.9,62.3,61.9,62.3,36015,27,2238222,4557,永新-KY,exchange
2020-12-16,62.4,63.0,62.0,63.0,49687,41,3116436,4557,永新-KY,exchange
2020-12-17,62.7,63.1,62.7,63.0,21461,30,1350484,4557,永新-KY,exchange
2020-12-18,63.0,63.2,63.0,63.2,27547,35,1735554,4557,永新-KY,exchange
2020-12-21,63.2,63.2,62.2,63.1,6424,17,404394,4557,永新-KY,exchange
2020-12-22,63.0,63.0,62.3,63.0,40222,62,2523918,4557,永新-KY,exchange
2020-12-23,62.9,63.1,62.9,63.1,42591,41,2683201,4557,永新-KY,exchange
2020-12-24,62.9,63.0,62.5,63.0,24105,22,1517181,4557,永新-KY,exchange
2020-12-25,63.0,63.0,62.4,62.8,18004,14,1132451,4557,永新-KY,exchange
2020-12-28,62.5,63.0,62.4,63.0,29004,28,1822352,4557,永新-KY,exchange
2020-12-29,62.9,62.9,62.8,62.8,6265,15,394037,4557,永新-KY,exchange
2020-12-30,62.8,62.8,62.2,62.5,12271,23,766624,4557,永新-KY,exchange
2020-12-31,62.4,62.8,62.3,62.8,4010,10,250528,4557,永新-KY,exchange
2021-01-04,62.4,62.8,61.9,62.5,21006,21,1314580,4557,永新-KY,exchange
2021-01-05,62.4,62.4,62.1,62.1,8663,16,539209,4557,永新-KY,exchange
2021-01-06,62.0,62.3,62.0,62.2,15202,18,945128,4557,永新-KY,exchange
2021-01-07,62.5,62.5,62.1,62.2,29003,11,1804688,4557,永新-KY,exchange
2021-01-08,62.5,62.5,62.2,62.2,19404,27,1208198,4557,永新-KY,exchange
2021-01-11,62.2,62.2,62.0,62.1,58004,41,3599648,4557,永新-KY,exchange
2021-01-12,62.5,62.5,62.1,62.2,22715,25,1411309,4557,永新-KY,exchange
2021-01-13,62.2,65.1,62.2,63.2,57020,47,3587547,4557,永新-KY,exchange
2021-01-14,63.8,63.8,63.0,63.3,69003,52,4382189,4557,永新-KY,exchange
2021-01-15,63.9,64.0,62.8,63.0,105170,73,6670157,4557,永新-KY,exchange
2021-01-18,63.4,63.8,62.9,63.3,79177,44,4996996,4557,永新-KY,exchange
2021-01-19,63.5,63.5,63.0,63.4,21480,26,1357340,4557,永新-KY,exchange
2021-01-20,63.0,63.0,62.6,62.6,22300,24,1401507,4557,永新-KY,exchange
2021-01-21,63.0,63.0,61.9,62.6,141005,32,8772019,4557,永新-KY,exchange
2021-01-22,63.0,63.8,62.8,63.8,73123,29,4620173,4557,永新-KY,exchange
2021-01-25,63.0,63.0,62.6,62.9,57621,44,3618862,4557,永新-KY,exchange
2021-01-26,63.5,63.5,62.7,63.2,76015,46,4785435,4557,永新-KY,exchange
2021-01-27,62.8,63.6,61.0,62.9,130017,57,8101606,4557,永新-KY,exchange
2021-01-28,63.6,63.6,62.8,62.8,3008,10,189734,4557,永新-KY,exchange
2021-01-29,63.3,63.3,61.9,63.0,9018,23,564060,4557,永新-KY,exchange
2021-02-01,62.0,63.0,62.0,62.1,22020,22,1366869,4557,永新-KY,exchange
2021-02-02,63.0,63.1,62.0,62.2,13005,13,810124,4557,永新-KY,exchange
2021-02-03,62.0,62.8,62.0,62.4,5003,7,312603,4557,永新-KY,exchange
2021-02-04,62.4,63.0,62.0,62.9,24210,22,1506429,4557,永新-KY,exchange
2021-02-05,62.9,62.9,62.3,62.3,14010,18,874065,4557,永新-KY,exchange
2021-02-17,63.0,63.5,62.5,63.3,52246,51,3293477,4557,永新-KY,exchange
2021-02-18,63.5,63.5,63.3,63.5,24223,23,1537611,4557,永新-KY,exchange
2021-02-19,63.5,63.8,63.3,63.5,12712,29,806967,4557,永新-KY,exchange
2021-02-22,63.5,63.7,63.5,63.7,26110,44,1661033,4557,永新-KY,exchange
2021-02-23,63.7,63.9,63.7,63.9,21156,40,1349722,4557,永新-KY,exchange
2021-02-24,63.9,64.1,63.5,64.0,53423,56,3413330,4557,永新-KY,exchange
2021-02-25,64.0,64.0,63.8,64.0,26360,35,1685736,4557,永新-KY,exchange
2021-02-26,63.7,64.0,63.6,63.6,26036,49,1659806,4557,永新-KY,exchange
2021-03-02,64.0,64.0,63.5,63.6,27607,82,1759356,4557,永新-KY,exchange
2021-03-03,63.7,64.0,63.5,63.9,18014,28,1148821,4557,永新-KY,exchange
2021-03-04,63.9,64.0,63.5,63.7,24017,36,1528408,4557,永新-KY,exchange
2021-03-05,63.8,63.8,63.2,63.2,22029,44,1394352,4557,永新-KY,exchange
2021-03-08,63.2,64.1,62.8,63.9,61042,79,3866005,4557,永新-KY,exchange
2021-03-09,63.9,64.2,63.6,63.9,51213,71,3275952,4557,永新-KY,exchange
2021-03-10,63.9,64.2,63.8,63.8,14033,44,897331,4557,永新-KY,exchange
2021-03-11,64.2,64.5,64.0,64.2,62026,51,3978387,4557,永新-KY,exchange
2021-03-12,64.5,64.8,64.2,64.3,37792,58,2438917,4557,永新-KY,exchange
2021-03-15,64.4,65.2,64.4,65.2,71351,85,4626882,4557,永新-KY,exchange
2021-03-16,65.2,66.5,65.2,66.3,65019,68,4290499,4557,永新-KY,exchange
2021-03-17,66.4,66.8,66.4,66.8,55023,66,3663005,4557,永新-KY,exchange
2021-03-18,66.9,66.9,66.0,66.6,44040,56,2921371,4557,永新-KY,exchange
2021-03-19,66.6,66.7,66.0,66.1,20307,34,1347108,4557,永新-KY,exchange
2021-03-22,66.0,66.0,65.2,65.2,35020,44,2297651,4557,永新-KY,exchange
2021-03-23,66.5,66.5,64.2,64.2,53117,72,3447770,4557,永新-KY,exchange
2021-03-24,64.8,65.0,64.2,64.2,25060,78,1614287,4557,永新-KY,exchange
2021-03-25,65.4,65.4,63.8,63.8,24200,59,1553398,4557,永新-KY,exchange
2021-03-26,64.0,64.0,63.5,63.9,21938,50,1399939,4557,永新-KY,exchange
2021-03-29,64.1,65.0,64.0,64.1,19373,76,1246617,4557,永新-KY,exchange
2021-03-30,64.1,64.6,64.1,64.5,9119,55,586180,4557,永新-KY,exchange
2021-03-31,64.5,64.7,64.5,64.7,30061,61,1939813,4557,永新-KY,exchange
2021-04-01,65.0,66.5,64.5,65.5,96114,129,6327578,4557,永新-KY,exchange
2021-04-06,65.9,66.8,65.5,66.2,21721,148,1432383,4557,永新-KY,exchange
2021-04-07,66.2,66.2,65.9,66.0,17127,67,1130952,4557,永新-KY,exchange
2021-04-08,66.8,66.8,65.6,66.0,13021,24,858474,4557,永新-KY,exchange
2021-04-09,65.6,66.0,65.0,65.1,48732,45,3181885,4557,永新-KY,exchange
2021-04-12,65.5,65.5,65.0,65.5,32577,82,2129370,4557,永新-KY,exchange
2021-04-13,65.3,66.0,65.3,65.5,33680,36,2208649,4557,永新-KY,exchange
2021-04-14,65.5,65.5,64.7,64.9,23019,39,1496835,4557,永新-KY,exchange
2021-04-15,64.7,65.1,64.7,65.0,22362,36,1452108,4557,永新-KY,exchange
2021-04-16,65.3,65.5,65.0,65.0,29474,32,1920933,4557,永新-KY,exchange
2021-04-19,65.0,65.9,65.0,65.9,39428,40,2577293,4557,永新-KY,exchange
2021-04-20,66.0,67.0,66.0,66.8,113031,86,7529167,4557,永新-KY,exchange
2021-04-21,66.8,67.8,66.3,67.2,133309,98,8957106,4557,永新-KY,exchange
2021-04-22,67.4,68.4,67.4,67.7,110620,94,7511370,4557,永新-KY,exchange
2021-04-23,67.5,67.9,66.8,66.9,19096,21,1283248,4557,永新-KY,exchange
2021-04-26,66.9,67.4,66.8,66.8,39543,51,2649205,4557,永新-KY,exchange
2021-04-27,66.9,67.0,66.7,66.9,20196,18,1349211,4557,永新-KY,exchange
2021-04-28,66.9,66.9,66.3,66.8,21233,27,1415298,4557,永新-KY,exchange
2021-04-29,66.2,66.8,65.7,66.3,26574,38,1754656,4557,永新-KY,exchange
2021-05-03,66.2,66.3,65.2,65.3,24024,27,1574774,4557,永新-KY,exchange
2021-05-04,65.7,65.7,64.1,64.9,62132,50,3997864,4557,永新-KY,exchange
2021-05-05,64.9,64.9,63.9,64.8,33605,27,2168051,4557,永新-KY,exchange
2021-05-06,65.2,65.2,64.1,65.0,12096,14,782398,4557,永新-KY,exchange
2021-05-07,64.5,66.3,64.0,66.3,22004,22,1422462,4557,永新-KY,exchange
2021-05-10,66.3,67.8,64.8,66.3,25334,25,1668056,4557,永新-KY,exchange
2021-05-11,64.2,65.9,64.1,65.9,31307,29,2022142,4557,永新-KY,exchange
2021-05-12,64.6,64.6,63.0,63.6,57349,53,3651085,4557,永新-KY,exchange
2021-05-13,62.5,64.0,62.0,64.0,27872,31,1769363,4557,永新-KY,exchange
2021-05-14,66.0,66.0,64.0,64.0,49004,20,3165852,4557,永新-KY,exchange
2021-05-17,62.7,63.4,62.2,62.2,34017,22,2129133,4557,永新-KY,exchange
2021-05-18,61.6,64.5,61.6,64.5,22237,20,1392659,4557,永新-KY,exchange
2021-05-19,64.0,64.5,63.0,64.4,24898,28,1590656,4557,永新-KY,exchange
2021-05-20,64.0,64.0,63.5,63.5,16115,19,1027540,4557,永新-KY,exchange
2021-05-21,64.0,64.0,63.1,63.6,6172,14,391311,4557,永新-KY,exchange
2021-05-24,63.0,63.5,63.0,63.5,14111,23,891932,4557,永新-KY,exchange
2021-05-25,64.0,64.0,63.0,63.8,9577,18,606043,4557,永新-KY,exchange
2021-05-26,63.5,63.8,63.5,63.8,3027,9,192507,4557,永新-KY,exchange
2021-05-27,63.5,63.5,63.0,63.0,4006,7,253778,4557,永新-KY,exchange
2021-05-28,63.0,63.2,63.0,63.2,2032,6,128216,4557,永新-KY,exchange
2021-05-31,64.0,64.5,63.5,63.8,52353,44,3352665,4557,永新-KY,exchange
2021-06-01,64.2,64.4,63.7,64.3,18125,21,1164336,4557,永新-KY,exchange
2021-06-02,63.8,64.3,63.8,63.8,9640,11,615902,4557,永新-KY,exchange
2021-06-03,63.8,63.9,63.8,63.9,7668,8,489441,4557,永新-KY,exchange
2021-06-04,63.8,63.9,63.8,63.9,3071,11,196130,4557,永新-KY,exchange
2021-06-07,63.8,65.9,63.8,64.1,30050,70,1945354,4557,永新-KY,exchange
2021-06-08,65.1,65.1,64.2,64.2,2199,13,142147,4557,永新-KY,exchange
2021-06-09,65.3,65.3,64.5,64.9,31386,37,2038022,4557,永新-KY,exchange
2021-06-10,64.9,65.0,64.5,64.5,7104,12,460656,4557,永新-KY,exchange
2021-06-11,64.5,64.5,64.1,64.1,2962,11,190168,4557,永新-KY,exchange
2021-06-15,64.5,64.5,64.0,64.4,10052,15,646851,4557,永新-KY,exchange
2021-06-16,65.2,65.2,64.4,64.4,13053,13,844297,4557,永新-KY,exchange
2021-06-17,64.4,64.4,64.4,64.4,1107,5,71260,4557,永新-KY,exchange
2021-06-18,64.5,64.5,64.3,64.3,15109,24,972827,4557,永新-KY,exchange
2021-06-21,64.3,64.3,64.3,64.3,8018,12,515539,4557,永新-KY,exchange
2021-06-22,64.3,64.4,64.1,64.2,28000,24,1798900,4557,永新-KY,exchange
2021-06-23,64.9,65.5,64.7,64.7,26003,19,1693191,4557,永新-KY,exchange
2021-06-24,64.7,65.8,64.7,65.7,33004,30,2163456,4557,永新-KY,exchange
2021-06-25,65.7,65.7,65.2,65.2,18002,18,1175530,4557,永新-KY,exchange
2021-06-28,65.3,65.5,65.2,65.5,52602,29,3440128,4557,永新-KY,exchange
2021-06-29,66.1,66.9,66.0,66.2,115263,75,7624478,4557,永新-KY,exchange
2021-06-30,66.8,67.8,66.8,67.2,137722,94,9263917,4557,永新-KY,exchange
2021-07-01,67.2,67.3,67.1,67.1,24612,30,1653332,4557,永新-KY,exchange
2021-07-02,66.7,67.0,66.0,66.4,40208,36,2669726,4557,永新-KY,exchange
2021-07-05,66.6,67.6,66.3,66.5,86003,59,5745096,4557,永新-KY,exchange
2021-07-06,67.0,67.2,66.4,66.4,99004,38,6591562,4557,永新-KY,exchange
2021-07-07,66.4,67.0,65.9,66.5,16690,27,1107539,4557,永新-KY,exchange
2021-07-08,67.0,67.0,66.6,66.8,36987,48,2466919,4557,永新-KY,exchange
2021-07-09,66.5,66.7,66.5,66.5,24009,33,1597692,4557,永新-KY,exchange
2021-07-12,66.2,66.6,66.2,66.5,35124,25,2335340,4557,永新-KY,exchange
2021-07-13,66.6,67.0,66.5,66.7,47342,45,3153538,4557,永新-KY,exchange
2021-07-14,67.0,67.0,66.4,66.4,58010,45,3864591,4557,永新-KY,exchange
2021-07-15,66.6,67.8,66.4,66.7,41562,22,2772148,4557,永新-KY,exchange
2021-07-16,66.7,66.9,66.7,66.8,32243,32,2153436,4557,永新-KY,exchange
2021-07-19,66.8,67.2,66.6,66.8,64278,55,4296523,4557,永新-KY,exchange
2021-07-20,66.8,66.8,66.4,66.4,35242,36,2345678,4557,永新-KY,exchange
2021-07-21,66.4,66.7,66.4,66.4,68003,63,4524398,4557,永新-KY,exchange
2021-07-22,66.6,66.6,66.3,66.4,94011,72,6248730,4557,永新-KY,exchange
2021-07-23,66.4,66.5,66.2,66.2,54479,54,3612737,4557,永新-KY,exchange
2021-07-26,66.3,66.3,66.0,66.0,69020,62,4563321,4557,永新-KY,exchange
2021-07-27,66.2,67.9,66.1,66.2,24147,26,1603308,4557,永新-KY,exchange
2021-07-28,66.6,66.6,66.3,66.6,38185,28,2540097,4557,永新-KY,exchange
2021-07-29,66.6,67.6,66.4,66.5,104041,62,6924466,4557,永新-KY,exchange
2021-07-30,66.5,66.7,66.2,66.5,64258,66,4264095,4557,永新-KY,exchange
2021-08-02,66.6,66.6,66.2,66.5,85105,89,5652948,4557,永新-KY,exchange
2021-08-03,66.5,68.2,66.5,67.0,200563,200,13453377,4557,永新-KY,exchange
2021-08-04,63.6,64.3,63.5,63.9,92108,91,5874900,4557,永新-KY,exchange
2021-08-05,64.0,64.1,63.8,63.8,26444,35,1689687,4557,永新-KY,exchange
2021-08-06,63.8,63.8,63.3,63.4,63136,54,4006131,4557,永新-KY,exchange
2021-08-09,62.9,63.1,62.9,63.1,7017,7,441884,4557,永新-KY,exchange
2021-08-10,63.7,63.7,63.0,63.0,2061,12,130564,4557,永新-KY,exchange
2021-08-11,63.0,63.4,62.2,62.3,20001,15,1249967,4557,永新-KY,exchange
2021-08-12,62.3,62.3,61.5,61.5,136226,96,8421612,4557,永新-KY,exchange
2021-08-13,61.5,62.3,61.5,61.7,14516,22,898192,4557,永新-KY,exchange
2021-08-16,61.7,61.8,61.7,61.7,11000,6,679000,4557,永新-KY,exchange
2021-08-17,62.0,62.2,61.7,61.7,10000,8,619900,4557,永新-KY,exchange
2021-08-18,61.7,62.3,61.5,62.3,17039,18,1054129,4557,永新-KY,exchange
2021-08-19,61.9,61.9,61.7,61.8,6201,10,383421,4557,永新-KY,exchange
2021-08-20,63.0,63.0,61.1,61.1,12243,14,759999,4557,永新-KY,exchange
2021-08-23,61.1,62.7,61.1,62.1,8172,13,504572,4557,永新-KY,exchange
2021-08-24,61.7,62.8,61.7,62.0,13004,8,807264,4557,永新-KY,exchange
2021-08-25,61.9,62.3,61.9,62.0,25121,25,1559917,4557,永新-KY,exchange
2021-08-26,63.0,63.0,62.2,62.7,6001,6,375167,4557,永新-KY,exchange
2021-08-27,62.7,63.0,62.0,62.4,29002,21,1809022,4557,永新-KY,exchange
2021-08-30,63.4,63.4,62.6,62.6,8001,8,502167,4557,永新-KY,exchange
2021-08-31,62.6,63.3,62.6,63.3,6038,14,379536,4557,永新-KY,exchange
2021-09-01,62.7,63.1,62.6,62.7,11004,13,690576,4557,永新-KY,exchange
2021-09-02,62.8,62.8,62.7,62.7,24000,18,1505800,4557,永新-KY,exchange
2021-09-03,62.7,63.5,62.7,63.5,13004,16,816162,4557,永新-KY,exchange
2021-09-06,63.0,63.0,62.6,62.7,14090,22,883412,4557,永新-KY,exchange
2021-09-07,62.7,63.4,62.7,62.8,6000,6,378700,4557,永新-KY,exchange
